model,k,parameters,RMSE,AICc_K=k,AICc_K=k+1,BIC,LOO_RMSE,sign_runs,R2_measured_points,R2_with_origin_row,q_at_300min_extrapolated,dAICc_K=k,dAICc_K=k+1,dBIC,akaike_weight
Burst + sqrt(t),2,q_burst = 0.5968; k_id = 0.04607,0.024684279421981897,-52.825419177980336,-47.225419177980335,-52.98709455294083,0.03303372371346828,5,0.9751683994530483,0.649293620412685,1.3947049501773718,0.0,0.0,0.0,0.774158452904865
Power law,2,a = 0.4728; b = 0.177,0.029664922719756764,-49.88463974997275,-44.28463974997275,-50.046315124933244,0.03685873334890562,3,0.9641367000836273,0.9931611913801295,1.29773031295187,2.9407794280075876,2.9407794280075876,2.9407794280075876,0.1779294028021481
Elovich,2,alpha = 1.158; beta = 6.131,0.03622576888895686,-46.68775305012187,-41.08775305012187,-46.849428425082365,0.046222408646903176,3,0.9465190602733441,0.9898016659801444,1.2500451237040973,6.137666127858466,6.137666127858466,6.137666127858466,0.035979290470647275
PSO + k_id sqrt(t),3,qe = 0.6206; k2 = 3.692; k_id = 0.04408,0.02432250085365119,-47.461654336280176,-38.12832100294684,-51.14388816956083,0.03578399539784492,5,0.9758909409787948,0.9954026193619758,1.383286314627385,5.36376484170016,9.097098175033494,1.84320638338,0.008192568678386457
Fractal PSO,3,qe = 6.021e+11; k = 7.852e-13; alpha = 0.177,0.029664922719961087,-44.28463974986255,-34.95130641652921,-47.966873583143204,0.036858746139173594,3,0.9641367000831332,0.9931611913800352,1.2977301721722667,8.540779428117787,12.274112761451121,5.020220969797627,0.0016731702689079945
Avrami,3,qe = 3.341e+05; k = 9.046e-34; n = 0.177,0.029664932858497663,-44.28463428156724,-34.95130094823391,-47.9668681148479,0.03685380602950538,3,0.9641366755692355,0.9931611867054555,1.29770554325527,8.540784896413093,12.274118229746428,5.020226438092934,0.0016731656942196847
PSO,2,qe = 1.158; k2 = 0.1093,0.06636455993645982,-37.00147361414632,-31.40147361414632,-37.163148989106816,0.09433166051756756,3,0.8205116590077617,0.965773188289804,1.1287468043296085,15.823945563834016,15.823945563834016,15.823945563834016,0.0002835983762698735
Sphere diffusion (HSDM),2,qe = 1.109; De/r2 = 0.003912,0.07588130306292369,-34.857359382131676,-29.257359382131675,-35.01903475709217,0.10390646171079337,3,0.7653430800951049,0.9552530366614358,1.109199488096614,17.96805979584866,17.96805979584866,17.96805979584866,9.707675489819794e-05
PFO,2,qe = 1.055; k1 = 0.08638,0.10195781774213394,-30.13113764450555,-24.53113764450555,-30.292813019466042,0.14747778426225394,3,0.5763522848696374,0.9192141924257425,1.0550325911557357,22.694281533474786,22.694281533474786,22.69428153347479,9.13753891963513e-06
Two-site PFO,4,q1 = 0.748; k_a = 0.2512; q2 = 0.7863; k_b = 0.004975,0.02033376326888444,-40.9942276159324,-22.327560949265738,-51.93035324086656,0.04583513047979213,5,0.9831500222514038,0.9967868608482646,1.3574609944493665,11.831191562047934,24.897858228714597,1.0567413120742728,3.036187865126018e-06
Two-site PSO,4,q1 = 1.426; k_a = 0.001667; q2 = 0.7926; k_b = 0.9565,0.023084412462302778,-38.9642294571639,-20.29756279049724,-49.90035508209806,0.04624076232761344,5,0.9782829187325242,0.995858747998183,1.383033208561908,13.861189720816434,26.927856387483097,3.0867394708427724,1.100322872723691e-06
