truth,placement,n,learner,grid,n_reps,median_rmse,median_rmse_M1,median_rel_improvement,p_one_sided,adds_information
T1_PSO,A_current,8,M0,interp,30,0.0115312638099373,0.012551655648983698,0.0,0.033944577430914495,False
T1_PSO,A_current,8,M0,early,30,0.01025864533040345,0.01025864533040345,0.0,0.033944577430914495,False
T1_PSO,A_current,8,M0,late,30,0.01241686895747655,0.0130035297672004,0.0,0.13666083914614907,False
T1_PSO,A_current,8,M0,extrap,30,0.01304210480750755,0.0137262664253966,0.0,0.033944577430914495,False
T1_PSO,A_current,8,M2_PINN_32x32,interp,30,0.034548541762591894,0.012551655648983698,-1.7039915759008109,0.999999969266355,False
T1_PSO,A_current,8,M2_PINN_32x32,early,30,0.061221821037597296,0.01025864533040345,-4.4840940317639415,0.9999965410679579,False
T1_PSO,A_current,8,M2_PINN_32x32,late,30,0.02118722743856585,0.0130035297672004,-0.6155523363279253,0.9983885055407882,False
T1_PSO,A_current,8,M2_PINN_32x32,extrap,30,0.05809683932824315,0.0137262664253966,-2.8324214779805557,0.999994695186615,False
T1_PSO,A_current,8,M2s_PINN_8x8,interp,30,0.040374512538864704,0.012551655648983698,-2.34691980123592,0.9999999953433871,False
T1_PSO,A_current,8,M2s_PINN_8x8,early,30,0.0733157078722727,0.01025864533040345,-7.629950121971261,0.9999995836988091,False
T1_PSO,A_current,8,M2s_PINN_8x8,late,30,0.02002409226995295,0.0130035297672004,-0.43648280678365825,0.9973086100071669,False
T1_PSO,A_current,8,M2s_PINN_8x8,extrap,30,0.06106716869968745,0.0137262664253966,-3.4249748509539235,0.9999977890402079,False
T1_PSO,A_current,8,M3_NNresid,interp,30,0.0146579771024798,0.012551655648983698,0.0032594894504565856,0.889676621183753,False
T1_PSO,A_current,8,M3_NNresid,early,30,0.011624226463908701,0.01025864533040345,-3.0182434194568297e-07,0.619467263109982,False
T1_PSO,A_current,8,M3_NNresid,late,30,0.01341484223790345,0.0130035297672004,0.05348785821038204,0.4196963720023632,False
T1_PSO,A_current,8,M3_NNresid,extrap,30,0.0339801294189976,0.0137262664253966,-0.6761810374229745,0.9876069743186235,False
T1_PSO,A_current,8,M4_GPresid,interp,30,0.0150280957856112,0.012551655648983698,-2.561211352149886e-07,0.932632458396256,False
T1_PSO,A_current,8,M4_GPresid,early,30,0.01025849809314635,0.01025864533040345,7.075697763005985e-07,0.4838367886841297,False
T1_PSO,A_current,8,M4_GPresid,late,30,0.01379131374383135,0.0130035297672004,6.600911598856098e-07,0.49191679060459137,False
T1_PSO,A_current,8,M4_GPresid,extrap,30,0.0158306480321262,0.0137262664253966,-1.2994015981500735e-07,0.45161323621869087,False
T1_PSO,B_uniform,16,M0,interp,30,0.0090731318603102,0.0101576126111769,0.0,0.033944577430914495,False
T1_PSO,B_uniform,16,M0,early,30,0.01147031832767075,0.01147031832767075,0.0,0.033944577430914495,False
T1_PSO,B_uniform,16,M0,late,30,0.004685254722447751,0.0074708264626031,0.0,0.033944577430914495,False
T1_PSO,B_uniform,16,M0,extrap,30,0.00777819990801315,0.0085732425000229,0.0,0.033944577430914495,False
T1_PSO,B_uniform,16,M2_PINN_32x32,interp,30,0.038525226596250295,0.0101576126111769,-3.053414491948917,1.0,False
T1_PSO,B_uniform,16,M2_PINN_32x32,early,30,0.07818854018068569,0.01147031832767075,-5.852830846601826,0.9999999972060323,False
T1_PSO,B_uniform,16,M2_PINN_32x32,late,30,0.028157331134615347,0.0074708264626031,-3.5609997036006638,0.9999998724088073,False
T1_PSO,B_uniform,16,M2_PINN_32x32,extrap,30,0.05448709761368395,0.0085732425000229,-5.441521345483699,0.9999983804300427,False
T1_PSO,B_uniform,16,M2s_PINN_8x8,interp,30,0.04076350296915715,0.0101576126111769,-3.7196412928727662,1.0,False
T1_PSO,B_uniform,16,M2s_PINN_8x8,early,30,0.0969045636890925,0.01147031832767075,-6.1415224870583796,1.0,False
T1_PSO,B_uniform,16,M2s_PINN_8x8,late,30,0.0203292880062691,0.0074708264626031,-3.595765566121629,0.9999995008111,False
T1_PSO,B_uniform,16,M2s_PINN_8x8,extrap,30,0.059940490515224154,0.0085732425000229,-7.582824155531014,0.9999997643753886,False
T1_PSO,B_uniform,16,M3_NNresid,interp,30,0.009728279634448,0.0101576126111769,-0.003037768953365578,0.435603897087276,False
T1_PSO,B_uniform,16,M3_NNresid,early,30,0.0115760337282185,0.01147031832767075,-3.647560205783402e-05,0.1853703036904335,False
T1_PSO,B_uniform,16,M3_NNresid,late,30,0.0066401160603242,0.0074708264626031,-0.015566131438785758,0.6722807874903083,False
T1_PSO,B_uniform,16,M3_NNresid,extrap,30,0.0164331992839281,0.0085732425000229,-0.3596584951302102,0.9882949283346534,False
T1_PSO,B_uniform,16,M4_GPresid,interp,30,0.01290632559094055,0.0101576126111769,-5.157175849225795e-07,0.9775463957339525,False
T1_PSO,B_uniform,16,M4_GPresid,early,30,0.01137351049611715,0.01147031832767075,1.0056856211113668e-06,0.6348290015012026,False
T1_PSO,B_uniform,16,M4_GPresid,late,30,0.01074980843242175,0.0074708264626031,-2.1110157867181004e-05,0.9990679966285825,False
T1_PSO,B_uniform,16,M4_GPresid,extrap,30,0.00857326163074685,0.0085732425000229,-9.696874744681411e-08,0.8775267852470279,False
T1_PSO,B_uniform,40,M0,interp,30,0.00493995294714495,0.0050708119912261495,0.0,0.05440471502027284,False
T1_PSO,B_uniform,40,M0,early,30,0.006769420678561301,0.0085436505196723,0.0,0.14252470370130638,False
T1_PSO,B_uniform,40,M0,late,30,0.0050720262315237,0.00503788201086085,0.0,0.5,False
T1_PSO,B_uniform,40,M0,extrap,30,0.0061007811534122495,0.00634936673124385,0.0,0.14252470370130638,False
T1_PSO,B_uniform,40,M2_PINN_32x32,interp,30,0.02008876888959695,0.0050708119912261495,-3.140558418484525,1.0,False
T1_PSO,B_uniform,40,M2_PINN_32x32,early,30,0.032381947217299104,0.0085436505196723,-2.9186094127747113,1.0,False
T1_PSO,B_uniform,40,M2_PINN_32x32,late,30,0.0158204843401966,0.00503788201086085,-1.9848360529506008,0.999999993480742,False
T1_PSO,B_uniform,40,M2_PINN_32x32,extrap,30,0.0338805692522098,0.00634936673124385,-5.274917185147769,0.9999986188486218,False
T1_PSO,B_uniform,40,M2s_PINN_8x8,interp,30,0.0172150957096016,0.0050708119912261495,-2.23200891735205,1.0,False
T1_PSO,B_uniform,40,M2s_PINN_8x8,early,30,0.03279131732225295,0.0085436505196723,-3.050295288913929,1.0,False
T1_PSO,B_uniform,40,M2s_PINN_8x8,late,30,0.0101823195930154,0.00503788201086085,-1.3693291026161665,0.9999995836988091,False
T1_PSO,B_uniform,40,M2s_PINN_8x8,extrap,30,0.037170590300232204,0.00634936673124385,-6.290650787026108,0.9999997140839696,False
T1_PSO,B_uniform,40,M3_NNresid,interp,30,0.0051045825350247,0.0050708119912261495,0.0008642374014610626,0.5803036279976368,False
T1_PSO,B_uniform,40,M3_NNresid,early,30,0.0085205719596123,0.0085436505196723,4.0922012794938556e-05,0.2918785363435745,False
T1_PSO,B_uniform,40,M3_NNresid,late,30,0.0047815155998705994,0.00503788201086085,0.007831593196154918,0.39607954677194357,False
T1_PSO,B_uniform,40,M3_NNresid,extrap,30,0.00775511966159795,0.00634936673124385,-0.10638045869205028,0.940461715683341,False
T1_PSO,B_uniform,40,M4_GPresid,interp,30,0.005288202103736249,0.0050708119912261495,-9.196532852724217e-07,0.8034749096259475,False
T1_PSO,B_uniform,40,M4_GPresid,early,30,0.00854332765376975,0.0085436505196723,-4.685006395883457e-06,0.9519492136314511,False
T1_PSO,B_uniform,40,M4_GPresid,late,30,0.00507341331914515,0.00503788201086085,-5.517226380849201e-06,0.9240565402433276,False
T1_PSO,B_uniform,40,M4_GPresid,extrap,30,0.00634968768445605,0.00634936673124385,5.944272286429196e-06,0.013114497065544128,False
T3_Elovich,A_current,8,M0,interp,30,0.0118461088460584,0.0133979640175293,0.0,0.033944577430914495,False
T3_Elovich,A_current,8,M0,early,30,0.0153327499820732,0.0157845800208328,0.0,0.033944577430914495,False
T3_Elovich,A_current,8,M0,late,30,0.0108894208713484,0.012604272516254001,0.0,0.033944577430914495,False
T3_Elovich,A_current,8,M0,extrap,30,0.014216391689690501,0.0170730937330846,0.0,0.033944577430914495,False
T3_Elovich,A_current,8,M2_PINN_32x32,interp,30,0.05343218181393335,0.0133979640175293,-2.7106271384093024,0.9999999981373549,False
T3_Elovich,A_current,8,M2_PINN_32x32,early,30,0.13826952997428432,0.0157845800208328,-6.588978219833597,0.9999999981373549,False
T3_Elovich,A_current,8,M2_PINN_32x32,late,30,0.0194887311555988,0.012604272516254001,-0.7498023265436711,0.999994695186615,False
T3_Elovich,A_current,8,M2_PINN_32x32,extrap,30,0.04788718653836385,0.0170730937330846,-1.360711181062359,0.9998841816559434,False
T3_Elovich,A_current,8,M2s_PINN_8x8,interp,30,0.0579950190176203,0.0133979640175293,-3.159762328763665,1.0,False
T3_Elovich,A_current,8,M2s_PINN_8x8,early,30,0.15487850430948524,0.0157845800208328,-8.056530916643771,1.0,False
T3_Elovich,A_current,8,M2s_PINN_8x8,late,30,0.01939534706369495,0.012604272516254001,-0.6343763101354949,0.999986557289958,False
T3_Elovich,A_current,8,M2s_PINN_8x8,extrap,30,0.0602170297249989,0.0170730937330846,-1.702823073834732,0.9999953899532557,False
T3_Elovich,A_current,8,M3_NNresid,interp,30,0.014142057932661701,0.0133979640175293,-0.038614819456341466,0.999790801666677,False
T3_Elovich,A_current,8,M3_NNresid,early,30,0.01574693097415955,0.0157845800208328,-0.0030623975643699446,0.873281947337091,False
T3_Elovich,A_current,8,M3_NNresid,late,30,0.010218028650489552,0.012604272516254001,-0.0647762655214978,0.6424335166811943,False
T3_Elovich,A_current,8,M3_NNresid,extrap,30,0.0371003006436871,0.0170730937330846,-0.6498938588988041,0.9999313028529286,False
T3_Elovich,A_current,8,M4_GPresid,interp,30,0.0146939781284651,0.0133979640175293,-1.2082331963832793e-06,0.9956472683697939,False
T3_Elovich,A_current,8,M4_GPresid,early,30,0.016524710938463652,0.0157845800208328,-1.0393780937395719e-05,0.9633779628202319,False
T3_Elovich,A_current,8,M4_GPresid,late,30,0.0132760928901935,0.012604272516254001,-3.417135213680018e-06,0.9210261628031731,False
T3_Elovich,A_current,8,M4_GPresid,extrap,30,0.0176666628446126,0.0170730937330846,3.264706015222011e-07,0.15919804014265537,False
T3_Elovich,B_uniform,16,M0,interp,30,0.0111915587277998,0.01314870308442095,0.0,0.021557223391537678,False
T3_Elovich,B_uniform,16,M0,early,30,0.016889255102860053,0.01752549508522815,0.0,0.03980790073005672,False
T3_Elovich,B_uniform,16,M0,late,30,0.008920230146591199,0.00851868136490785,0.0,0.446369200472174,False
T3_Elovich,B_uniform,16,M0,extrap,30,0.009244948045001599,0.010407194585647251,0.0,0.03980790073005672,False
T3_Elovich,B_uniform,16,M2_PINN_32x32,interp,30,0.0584161880832531,0.01314870308442095,-3.7164984129633973,1.0,False
T3_Elovich,B_uniform,16,M2_PINN_32x32,early,30,0.14366545924027746,0.01752549508522815,-7.148963455198871,1.0,False
T3_Elovich,B_uniform,16,M2_PINN_32x32,late,30,0.026973220656348752,0.00851868136490785,-1.7955683204684143,1.0,False
T3_Elovich,B_uniform,16,M2_PINN_32x32,extrap,30,0.07845337078572409,0.010407194585647251,-7.707178991683248,0.9999999972060323,False
T3_Elovich,B_uniform,16,M2s_PINN_8x8,interp,30,0.0620035269663559,0.01314870308442095,-3.8310947050003215,1.0,False
T3_Elovich,B_uniform,16,M2s_PINN_8x8,early,30,0.1526757484244681,0.01752549508522815,-7.450632828042831,1.0,False
T3_Elovich,B_uniform,16,M2s_PINN_8x8,late,30,0.02137577916986625,0.00851868136490785,-1.3638130163695992,0.9999999180436134,False
T3_Elovich,B_uniform,16,M2s_PINN_8x8,extrap,30,0.06652941213772731,0.010407194585647251,-4.034007898391162,0.9999999953433871,False
T3_Elovich,B_uniform,16,M3_NNresid,interp,30,0.0137953407106122,0.01314870308442095,-0.0007243714226466921,0.889676621183753,False
T3_Elovich,B_uniform,16,M3_NNresid,early,30,0.01756419372905535,0.01752549508522815,0.0002883089224896628,0.29890388529747725,False
T3_Elovich,B_uniform,16,M3_NNresid,late,30,0.008526678505353949,0.00851868136490785,0.0019484711040660277,0.467699334025383,False
T3_Elovich,B_uniform,16,M3_NNresid,extrap,30,0.015738903317445402,0.010407194585647251,-0.00023546795966154126,0.8644971856847405,False
T3_Elovich,B_uniform,16,M4_GPresid,interp,30,0.0150293899641174,0.01314870308442095,-8.48087387822305e-07,0.9999313028529286,False
T3_Elovich,B_uniform,16,M4_GPresid,early,30,0.0186546864648112,0.01752549508522815,5.106538084670128e-09,0.6348290015012026,False
T3_Elovich,B_uniform,16,M4_GPresid,late,30,0.009128694684411551,0.00851868136490785,-5.496630098780072e-07,0.8505779262632132,False
T3_Elovich,B_uniform,16,M4_GPresid,extrap,30,0.0116729209164962,0.010407194585647251,-4.332260995034327e-08,0.9114036448299885,False
T3_Elovich,B_uniform,40,M0,interp,30,0.00441183746856595,0.0056213456781056,0.0,0.021557223391537678,False
T3_Elovich,B_uniform,40,M0,early,30,0.00771744410125625,0.01056667251942085,0.0,0.021557223391537678,False
T3_Elovich,B_uniform,40,M0,late,30,0.0041914502451647,0.0048472179065384,0.0,0.06900536878432978,False
T3_Elovich,B_uniform,40,M0,extrap,30,0.0054745982635588004,0.00584562182712925,0.0,0.021557223391537678,False
T3_Elovich,B_uniform,40,M2_PINN_32x32,interp,30,0.0313192644386376,0.0056213456781056,-5.506896388688873,1.0,False
T3_Elovich,B_uniform,40,M2_PINN_32x32,early,30,0.07851409396586476,0.01056667251942085,-7.059253161203911,1.0,False
T3_Elovich,B_uniform,40,M2_PINN_32x32,late,30,0.014106649286836151,0.0048472179065384,-2.0109750511690594,0.999999807216227,False
T3_Elovich,B_uniform,40,M2_PINN_32x32,extrap,30,0.046460527756910605,0.00584562182712925,-6.13412837788239,0.9999999767169356,False
T3_Elovich,B_uniform,40,M2s_PINN_8x8,interp,30,0.03108412744686325,0.0056213456781056,-4.148703449973462,1.0,False
T3_Elovich,B_uniform,40,M2s_PINN_8x8,early,30,0.07863583408007535,0.01056667251942085,-6.150965329034278,1.0,False
T3_Elovich,B_uniform,40,M2s_PINN_8x8,late,30,0.01018425234102535,0.0048472179065384,-0.9874764708113691,0.9999604467302561,False
T3_Elovich,B_uniform,40,M2s_PINN_8x8,extrap,30,0.0499127000976133,0.00584562182712925,-5.559806645085418,0.9999999906867743,False
T3_Elovich,B_uniform,40,M3_NNresid,interp,30,0.0058327741265634,0.0056213456781056,-0.017297409335346764,0.9540251865983009,False
T3_Elovich,B_uniform,40,M3_NNresid,early,30,0.0105708103162813,0.01056667251942085,-0.0002901393984290183,0.7150712013244629,False
T3_Elovich,B_uniform,40,M3_NNresid,late,30,0.0048742449930382,0.0048472179065384,-0.047089831388438974,0.9179079588502645,False
T3_Elovich,B_uniform,40,M3_NNresid,extrap,30,0.010500340340503199,0.00584562182712925,-0.1581492137443095,0.9912731656804681,False
T3_Elovich,B_uniform,40,M4_GPresid,interp,30,0.0061449967025534995,0.0056213456781056,-1.8088524701768009e-06,0.9971117535606027,False
T3_Elovich,B_uniform,40,M4_GPresid,early,30,0.0113395673179858,0.01056667251942085,-3.0892961196583595e-06,0.9868855029344559,False
T3_Elovich,B_uniform,40,M4_GPresid,late,30,0.00532995968415845,0.0048472179065384,-7.543296831071124e-06,0.9927309919148684,False
T3_Elovich,B_uniform,40,M4_GPresid,extrap,30,0.0059277679802198,0.00584562182712925,-2.262248755153034e-07,0.9080154532566667,False
T4_TwoSitePFO,A_current,8,M0,interp,30,0.02290918380563545,0.034269948679753054,0.3768231889942958,0.000526601309993771,True
T4_TwoSitePFO,A_current,8,M0,early,30,0.03284897265297855,0.08457820933396595,0.5457686088674417,0.0005683773004203368,True
T4_TwoSitePFO,A_current,8,M0,late,30,0.013473555757879951,0.01387019552976335,0.09627405532735403,0.10687237771619201,False
T4_TwoSitePFO,A_current,8,M0,extrap,30,0.0477777472759494,0.0567978582002749,-0.05978818303697725,0.44411240609640334,False
T4_TwoSitePFO,A_current,8,M2_PINN_32x32,interp,30,0.040691756480232946,0.034269948679753054,-0.2684195397227275,0.9979841029271483,False
T4_TwoSitePFO,A_current,8,M2_PINN_32x32,early,30,0.08565449362512875,0.08457820933396595,-0.11942937905662229,0.6039204532280564,False
T4_TwoSitePFO,A_current,8,M2_PINN_32x32,late,30,0.020813874392746352,0.01387019552976335,-0.6093503480751283,0.9996010512113571,False
T4_TwoSitePFO,A_current,8,M2_PINN_32x32,extrap,30,0.0559270538941785,0.0567978582002749,-0.7198019430063586,0.9827316328883171,False
T4_TwoSitePFO,A_current,8,M2s_PINN_8x8,interp,30,0.0483031210750071,0.034269948679753054,-0.45162632354505117,0.9999827342107892,False
T4_TwoSitePFO,A_current,8,M2s_PINN_8x8,early,30,0.11234024885766175,0.08457820933396595,-0.40493301469006376,0.9927309919148684,False
T4_TwoSitePFO,A_current,8,M2s_PINN_8x8,late,30,0.02308848223469245,0.01387019552976335,-0.6051891161294354,0.9996667234227061,False
T4_TwoSitePFO,A_current,8,M2s_PINN_8x8,extrap,30,0.0714923997482092,0.0567978582002749,-0.7071436772241554,0.9973086100071669,False
T4_TwoSitePFO,A_current,8,M3_NNresid,interp,30,0.032031912484494204,0.034269948679753054,0.003354233500906262,0.010424925945699215,False
T4_TwoSitePFO,A_current,8,M3_NNresid,early,30,0.08466850825846681,0.08457820933396595,-0.00035954202557177275,0.9738683262839913,False
T4_TwoSitePFO,A_current,8,M3_NNresid,late,30,0.0113123208041538,0.01387019552976335,0.15527356046176133,0.01920920889824629,True
T4_TwoSitePFO,A_current,8,M3_NNresid,extrap,30,0.0395771744799778,0.0567978582002749,0.0015282472153356633,0.23227252252399921,False
T4_TwoSitePFO,A_current,8,M4_GPresid,interp,30,0.036093683279011746,0.034269948679753054,1.6410783078644518e-07,0.7287360308691859,False
T4_TwoSitePFO,A_current,8,M4_GPresid,early,30,0.0845782021244932,0.08457820933396595,1.699071169047154e-07,0.19652509037405252,False
T4_TwoSitePFO,A_current,8,M4_GPresid,late,30,0.016387677404341,0.01387019552976335,6.146390721337372e-08,0.5882115280255675,False
T4_TwoSitePFO,A_current,8,M4_GPresid,extrap,30,0.0563707858999376,0.0567978582002749,1.126840506913371e-07,0.04396928381174803,False
T4_TwoSitePFO,B_uniform,16,M0,interp,30,0.020430584525018752,0.040629172858861404,0.31851619372538176,0.003424023752462761,True
T4_TwoSitePFO,B_uniform,16,M0,early,30,0.042231219214739046,0.1236015191526616,0.4069054031887628,0.005090652062245018,True
T4_TwoSitePFO,B_uniform,16,M0,late,30,0.00926301039031025,0.0082341473449789,0.0,0.2814637702033316,False
T4_TwoSitePFO,B_uniform,16,M0,extrap,30,0.04053676939356835,0.03493831777444335,0.0,0.6316913969324982,False
T4_TwoSitePFO,B_uniform,16,M2_PINN_32x32,interp,30,0.048883284482630296,0.040629172858861404,-0.21692439884486786,0.9895750740543008,False
T4_TwoSitePFO,B_uniform,16,M2_PINN_32x32,early,30,0.10335764281525886,0.1236015191526616,0.013287723140552604,0.4196963720023632,False
T4_TwoSitePFO,B_uniform,16,M2_PINN_32x32,late,30,0.025682226020796,0.0082341473449789,-1.5538472843913793,0.9999998975545168,False
T4_TwoSitePFO,B_uniform,16,M2_PINN_32x32,extrap,30,0.1014093648814681,0.03493831777444335,-1.592947531547681,0.999635199084878,False
T4_TwoSitePFO,B_uniform,16,M2s_PINN_8x8,interp,30,0.051610307218479604,0.040629172858861404,-0.44900781030066494,0.9999313028529286,False
T4_TwoSitePFO,B_uniform,16,M2s_PINN_8x8,early,30,0.11720551880570751,0.1236015191526616,-0.23832371433334637,0.9210261628031731,False
T4_TwoSitePFO,B_uniform,16,M2s_PINN_8x8,late,30,0.02556749431904235,0.0082341473449789,-1.0186805745455092,0.9999994039535522,False
T4_TwoSitePFO,B_uniform,16,M2s_PINN_8x8,extrap,30,0.09493011336916515,0.03493831777444335,-2.033200997041519,0.9999779621139169,False
T4_TwoSitePFO,B_uniform,16,M3_NNresid,interp,30,0.0403754971993229,0.040629172858861404,0.00026734214657169863,0.03177824430167675,False
T4_TwoSitePFO,B_uniform,16,M3_NNresid,early,30,0.12360249261692316,0.1236015191526616,6.283992863373852e-06,0.22608217131346464,False
T4_TwoSitePFO,B_uniform,16,M3_NNresid,late,30,0.00981578861904455,0.0082341473449789,0.006987018073576733,0.14004339091479778,False
T4_TwoSitePFO,B_uniform,16,M3_NNresid,extrap,30,0.035502401962345845,0.03493831777444335,0.0015037261821887063,0.49191679060459137,False
T4_TwoSitePFO,B_uniform,16,M4_GPresid,interp,30,0.0410784709333952,0.040629172858861404,2.551740023198143e-11,0.7800166169181466,False
T4_TwoSitePFO,B_uniform,16,M4_GPresid,early,30,0.12115262860651496,0.1236015191526616,2.6839549122840205e-08,0.4838367886841297,False
T4_TwoSitePFO,B_uniform,16,M4_GPresid,late,30,0.0104220501968357,0.0082341473449789,-1.5552916818129708e-08,0.7219433626160026,False
T4_TwoSitePFO,B_uniform,16,M4_GPresid,extrap,30,0.03477004579905715,0.03493831777444335,5.677904166004903e-08,0.023629524745047092,False
T4_TwoSitePFO,B_uniform,40,M0,interp,30,0.00951691951889665,0.01048886473561215,0.0,0.008980238763039383,False
T4_TwoSitePFO,B_uniform,40,M0,early,30,0.01449907302920225,0.0176033012894563,0.0,0.008980238763039383,False
T4_TwoSitePFO,B_uniform,40,M0,late,30,0.00648250893539865,0.0061865187971311,0.0,0.4328861874963107,False
T4_TwoSitePFO,B_uniform,40,M0,extrap,30,0.0198889476849426,0.0222013135927177,0.0,0.5,False
T4_TwoSitePFO,B_uniform,40,M2_PINN_32x32,interp,30,0.0227959152329399,0.01048886473561215,-1.0737835787756134,1.0,False
T4_TwoSitePFO,B_uniform,40,M2_PINN_32x32,early,30,0.0370112417808553,0.0176033012894563,-0.7476480335619038,0.9999999348074198,False
T4_TwoSitePFO,B_uniform,40,M2_PINN_32x32,late,30,0.015804883754926002,0.0061865187971311,-1.888681710779169,0.9999999823048711,False
T4_TwoSitePFO,B_uniform,40,M2_PINN_32x32,extrap,30,0.0629080546740526,0.0222013135927177,-2.578648580911673,0.9999804794788361,False
T4_TwoSitePFO,B_uniform,40,M2s_PINN_8x8,interp,30,0.020050343612181103,0.01048886473561215,-0.708072071180413,0.999999986961484,False
T4_TwoSitePFO,B_uniform,40,M2s_PINN_8x8,early,30,0.03720988752637355,0.0176033012894563,-0.7445273124862557,0.9999939082190394,False
T4_TwoSitePFO,B_uniform,40,M2s_PINN_8x8,late,30,0.0114231454309962,0.0061865187971311,-0.5574103862750748,0.9999881666153669,False
T4_TwoSitePFO,B_uniform,40,M2s_PINN_8x8,extrap,30,0.07254371580792406,0.0222013135927177,-1.4165309680241487,0.9999997140839696,False
T4_TwoSitePFO,B_uniform,40,M3_NNresid,interp,30,0.01049576191431685,0.01048886473561215,-1.3427070207745906e-05,0.6499835392460227,False
T4_TwoSitePFO,B_uniform,40,M3_NNresid,early,30,0.01760287998710245,0.0176033012894563,7.191461024780935e-06,0.5,False
T4_TwoSitePFO,B_uniform,40,M3_NNresid,late,30,0.00629893181705195,0.0061865187971311,0.0005720105621851203,0.2712639691308141,False
T4_TwoSitePFO,B_uniform,40,M3_NNresid,extrap,30,0.0223336520613246,0.0222013135927177,-0.0012760864730561596,0.9045352395623922,False
T4_TwoSitePFO,B_uniform,40,M4_GPresid,interp,30,0.0104888713129527,0.01048886473561215,-7.069024388389431e-07,0.985337071120739,False
T4_TwoSitePFO,B_uniform,40,M4_GPresid,early,30,0.017603358376988898,0.0176033012894563,-3.0022591269218445e-07,0.6868268558755517,False
T4_TwoSitePFO,B_uniform,40,M4_GPresid,late,30,0.006482492181995651,0.0061865187971311,-1.3675143795016671e-06,0.8689388632774353,False
T4_TwoSitePFO,B_uniform,40,M4_GPresid,extrap,30,0.02225194245422185,0.0222013135927177,-3.5736223591729916e-08,0.8034749096259475,False
