truth,noise,placement,n,P_exact,P_class,w_truth,entropy_bits,region_exact,region_class
T1_PSO,N1_add_0.01,A_current,8,0.952,0.952,0.865204594117964,0.325598845711236,reliable,reliable
T1_PSO,N1_add_0.01,B_uniform,4,0.696,0.78,0.6200993307214927,1.1446418110625314,transition,transition
T1_PSO,N1_add_0.01,B_uniform,6,0.936,0.95,0.8758087044261407,0.42772353347884573,reliable,reliable
T1_PSO,N1_add_0.01,B_uniform,8,0.946,0.948,0.8579456120751472,0.3799155154830193,reliable,reliable
T1_PSO,N1_add_0.01,B_uniform,12,0.94,0.94,0.7331539361265669,0.3872524170733745,reliable,reliable
T1_PSO,N1_add_0.01,B_uniform,16,0.862,0.862,0.6365752703738786,0.712919781862559,reliable,reliable
T1_PSO,N1_add_0.01,B_uniform,24,0.852,0.852,0.608493757185449,0.7771080056684364,reliable,reliable
T1_PSO,N1_add_0.01,B_uniform,40,0.846,0.846,0.5858846167784001,0.8328207916704332,reliable,reliable
T1_PSO,N2_prop_3pct,A_current,8,0.914,0.942,0.7788531838362894,0.5745875268018883,reliable,reliable
T1_PSO,N2_prop_3pct,B_uniform,4,0.242,0.584,0.3214039520318191,1.5511308984039638,unreliable,transition
T1_PSO,N2_prop_3pct,B_uniform,6,0.514,0.724,0.4443274060311807,1.4789489575957733,transition,transition
T1_PSO,N2_prop_3pct,B_uniform,8,0.698,0.832,0.5628978047366813,1.1986076956428187,transition,reliable
T1_PSO,N2_prop_3pct,B_uniform,12,0.868,0.898,0.6479301740389145,0.7918620930204466,reliable,reliable
T1_PSO,N2_prop_3pct,B_uniform,16,0.892,0.902,0.6437288452790341,0.6859611429537558,reliable,reliable
T1_PSO,N2_prop_3pct,B_uniform,24,0.898,0.898,0.601746528715568,0.5759130677270968,reliable,reliable
T1_PSO,N2_prop_3pct,B_uniform,40,0.878,0.878,0.5714498232991649,0.6551598884005582,reliable,reliable
T1_PSO,N3_add_0.03,A_current,8,0.9,0.932,0.7725332935248695,0.6466439714890324,reliable,reliable
T1_PSO,N3_add_0.03,B_uniform,4,0.266,0.588,0.31677924432210236,1.561685704866378,unreliable,transition
T1_PSO,N3_add_0.03,B_uniform,6,0.482,0.71,0.43229959933931317,1.5116990652653532,unreliable,transition
T1_PSO,N3_add_0.03,B_uniform,8,0.65,0.782,0.5427717931440549,1.2974579856716448,transition,transition
T1_PSO,N3_add_0.03,B_uniform,12,0.842,0.886,0.6314679169133005,0.884223586096704,reliable,reliable
T1_PSO,N3_add_0.03,B_uniform,16,0.88,0.886,0.6195051265167612,0.7106086005612582,reliable,reliable
T1_PSO,N3_add_0.03,B_uniform,24,0.83,0.83,0.5571961087380923,0.8407730861467028,reliable,reliable
T1_PSO,N3_add_0.03,B_uniform,40,0.824,0.824,0.528971888037265,0.836722702812708,reliable,reliable
T1_PSO,N3_add_0.03,C_early,4,0.94,0.992,0.8918043980620859,0.3614354895476506,reliable,reliable
T1_PSO,N3_add_0.03,C_early,6,0.97,0.986,0.9216406641093384,0.23808880069550484,reliable,reliable
T1_PSO,N3_add_0.03,C_early,8,0.906,0.928,0.8095135462805271,0.6366166201457261,reliable,reliable
T1_PSO,N3_add_0.03,C_early,12,0.88,0.88,0.6961196562024295,0.6478173982120268,reliable,reliable
T1_PSO,N3_add_0.03,C_early,16,0.828,0.83,0.6105511880499078,0.8748957322473706,reliable,reliable
T1_PSO,N3_add_0.03,C_early,24,0.82,0.82,0.5604732547552683,0.8505355880922644,reliable,reliable
T1_PSO,N3_add_0.03,C_early,40,0.818,0.818,0.5366167175130373,0.8712634566767942,reliable,reliable
T1_PSO,N3_add_0.03,D_late,4,0.132,0.588,0.3094187493412315,1.4292881972481628,unreliable,transition
T1_PSO,N3_add_0.03,D_late,6,0.136,0.582,0.31628027087031746,1.437011865677776,unreliable,transition
T1_PSO,N3_add_0.03,D_late,8,0.178,0.576,0.3139755140620189,1.4970888622388996,unreliable,transition
T1_PSO,N3_add_0.03,D_late,12,0.298,0.622,0.31747113478786854,1.6098221366317682,unreliable,transition
T1_PSO,N3_add_0.03,D_late,16,0.406,0.666,0.33449327413610935,1.5616850372111737,unreliable,transition
T1_PSO,N3_add_0.03,D_late,24,0.598,0.736,0.39001841401024456,1.362098082053421,transition,transition
T1_PSO,N3_add_0.03,D_late,40,0.758,0.81,0.46068573601703183,1.04459235766439,transition,reliable
T2_PFO,N1_add_0.01,A_current,8,0.99,0.99,0.9885664140629261,0.08079313589591118,reliable,reliable
T2_PFO,N1_add_0.01,B_uniform,4,0.628,0.812,0.5159349855349253,1.3241643503282592,transition,reliable
T2_PFO,N1_add_0.01,B_uniform,6,0.888,0.98,0.8117851552212049,0.5817367334882005,reliable,reliable
T2_PFO,N1_add_0.01,B_uniform,8,0.982,0.996,0.9588111669595175,0.14781452729625202,reliable,reliable
T2_PFO,N1_add_0.01,B_uniform,12,0.98,0.98,0.9483856429381108,0.14144054254182067,reliable,reliable
T2_PFO,N1_add_0.01,B_uniform,16,0.968,0.968,0.9076351208074469,0.2043246709802796,reliable,reliable
T2_PFO,N1_add_0.01,B_uniform,24,0.966,0.966,0.876244337751694,0.2140710681042187,reliable,reliable
T2_PFO,N1_add_0.01,B_uniform,40,0.964,0.964,0.8527563096299345,0.22364166448448083,reliable,reliable
T2_PFO,N2_prop_3pct,A_current,8,0.954,0.998,0.9263991864647865,0.28102472841278797,reliable,reliable
T2_PFO,N2_prop_3pct,B_uniform,4,0.558,0.748,0.4011847873247679,1.4259774863565413,transition,transition
T2_PFO,N2_prop_3pct,B_uniform,6,0.666,0.846,0.5308631554500036,1.25149960758627,transition,reliable
T2_PFO,N2_prop_3pct,B_uniform,8,0.764,0.95,0.6743396161550567,0.9641523116879449,transition,reliable
T2_PFO,N2_prop_3pct,B_uniform,12,0.938,0.996,0.8596958977703882,0.3607308094052647,reliable,reliable
T2_PFO,N2_prop_3pct,B_uniform,16,0.97,0.986,0.9050324430840331,0.2242956067910253,reliable,reliable
T2_PFO,N2_prop_3pct,B_uniform,24,0.978,0.98,0.8925328928882084,0.16219626222105524,reliable,reliable
T2_PFO,N2_prop_3pct,B_uniform,40,0.976,0.976,0.8628453207106609,0.16334554318340233,reliable,reliable
T2_PFO,N3_add_0.03,A_current,8,0.958,1.0,0.9220210027977656,0.2513881446901185,reliable,reliable
T2_PFO,N3_add_0.03,B_uniform,4,0.574,0.752,0.40220191137889577,1.4018064730622783,transition,transition
T2_PFO,N3_add_0.03,B_uniform,6,0.698,0.874,0.5427738038734614,1.179722957526596,transition,reliable
T2_PFO,N3_add_0.03,B_uniform,8,0.754,0.964,0.6767177631898743,0.9526262080957053,transition,reliable
T2_PFO,N3_add_0.03,B_uniform,12,0.924,0.994,0.8451772166312991,0.42371835920750217,reliable,reliable
T2_PFO,N3_add_0.03,B_uniform,16,0.97,0.988,0.8964983756570128,0.2313206447249965,reliable,reliable
T2_PFO,N3_add_0.03,B_uniform,24,0.978,0.978,0.886910816607799,0.15252732850878192,reliable,reliable
T2_PFO,N3_add_0.03,B_uniform,40,0.968,0.968,0.8565051825533349,0.2043246709802796,reliable,reliable
T2_PFO,N3_add_0.03,C_early,4,0.954,1.0,0.9249408608356395,0.26915586965420646,reliable,reliable
T2_PFO,N3_add_0.03,C_early,6,0.98,1.0,0.953609619155912,0.14144054254182067,reliable,reliable
T2_PFO,N3_add_0.03,C_early,8,0.982,0.992,0.9654897593412017,0.14789821525618485,reliable,reliable
T2_PFO,N3_add_0.03,C_early,12,0.97,0.974,0.9262906160808898,0.2113871430281634,reliable,reliable
T2_PFO,N3_add_0.03,C_early,16,0.96,0.96,0.9023697248737153,0.24229218908241482,reliable,reliable
T2_PFO,N3_add_0.03,C_early,24,0.956,0.956,0.8694325369903293,0.26034062501245037,reliable,reliable
T2_PFO,N3_add_0.03,C_early,40,0.962,0.962,0.8448226030679298,0.23304589256445052,reliable,reliable
T2_PFO,N3_add_0.03,D_late,4,0.512,0.718,0.3424577843774674,1.4790116946858842,transition,transition
T2_PFO,N3_add_0.03,D_late,6,0.532,0.728,0.343663982303829,1.456101006708781,transition,transition
T2_PFO,N3_add_0.03,D_late,8,0.446,0.744,0.3460678899533598,1.543270710199907,unreliable,transition
T2_PFO,N3_add_0.03,D_late,12,0.522,0.766,0.34965918489697023,1.4764520997047463,transition,transition
T2_PFO,N3_add_0.03,D_late,16,0.596,0.81,0.38031838560128195,1.3762133457939132,transition,reliable
T2_PFO,N3_add_0.03,D_late,24,0.66,0.868,0.4435315863599742,1.2524601381311857,transition,reliable
T2_PFO,N3_add_0.03,D_late,40,0.784,0.954,0.5915980040440956,0.9337779759756465,transition,reliable
T3_Elovich,N1_add_0.01,A_current,8,0.882,1.0,0.8240093617199872,0.6776308640061987,reliable,reliable
T3_Elovich,N1_add_0.01,B_uniform,4,0.858,0.858,0.8131855519175463,0.5894527611178121,reliable,reliable
T3_Elovich,N1_add_0.01,B_uniform,6,0.94,0.98,0.9042137140305653,0.38254266919774566,reliable,reliable
T3_Elovich,N1_add_0.01,B_uniform,8,0.926,1.0,0.8243336927046288,0.427996440510468,reliable,reliable
T3_Elovich,N1_add_0.01,B_uniform,12,0.802,1.0,0.671903690561674,0.9823054981764535,reliable,reliable
T3_Elovich,N1_add_0.01,B_uniform,16,0.842,1.0,0.70285702368358,0.8361022808428897,reliable,reliable
T3_Elovich,N1_add_0.01,B_uniform,24,0.856,1.0,0.7275582312991358,0.7963047593550802,reliable,reliable
T3_Elovich,N1_add_0.01,B_uniform,40,0.91,1.0,0.8277106402253617,0.4503066132936914,reliable,reliable
T3_Elovich,N2_prop_3pct,A_current,8,0.888,0.962,0.7771565007012006,0.6589217498323368,reliable,reliable
T3_Elovich,N2_prop_3pct,B_uniform,4,0.662,0.662,0.5540302045012434,1.2433949437778908,transition,transition
T3_Elovich,N2_prop_3pct,B_uniform,6,0.762,0.768,0.6596106230413031,0.8486926410706425,transition,transition
T3_Elovich,N2_prop_3pct,B_uniform,8,0.81,0.834,0.6771566941368834,0.8054483798458802,reliable,reliable
T3_Elovich,N2_prop_3pct,B_uniform,12,0.892,0.962,0.67211382852693,0.6363276117369342,reliable,reliable
T3_Elovich,N2_prop_3pct,B_uniform,16,0.9,0.996,0.636794978433102,0.5677741679001908,reliable,reliable
T3_Elovich,N2_prop_3pct,B_uniform,24,0.86,1.0,0.6021813092671087,0.7190631530095122,reliable,reliable
T3_Elovich,N2_prop_3pct,B_uniform,40,0.842,1.0,0.6277332874373794,0.8299631674275286,reliable,reliable
T3_Elovich,N3_add_0.03,A_current,8,0.868,0.942,0.7622990150492654,0.736555130300895,reliable,reliable
T3_Elovich,N3_add_0.03,B_uniform,4,0.63,0.63,0.5563527879393285,1.2592517755347186,transition,transition
T3_Elovich,N3_add_0.03,B_uniform,6,0.74,0.748,0.6458406023558932,0.9642582442306216,transition,transition
T3_Elovich,N3_add_0.03,B_uniform,8,0.808,0.846,0.6891766333183152,0.8772906879527004,reliable,reliable
T3_Elovich,N3_add_0.03,B_uniform,12,0.814,0.936,0.6218475844085993,0.953665872562308,reliable,reliable
T3_Elovich,N3_add_0.03,B_uniform,16,0.814,0.988,0.5798373057236431,0.9351826177290093,reliable,reliable
T3_Elovich,N3_add_0.03,B_uniform,24,0.75,1.0,0.5409522730525768,1.1023381166054513,transition,reliable
T3_Elovich,N3_add_0.03,B_uniform,40,0.79,1.0,0.6081315235352952,1.0511391111759745,transition,reliable
T3_Elovich,N3_add_0.03,C_early,4,0.996,0.996,0.9811826049816649,0.037622360322278434,reliable,reliable
T3_Elovich,N3_add_0.03,C_early,6,0.936,0.998,0.9149040175899397,0.35596273588803407,reliable,reliable
T3_Elovich,N3_add_0.03,C_early,8,0.854,1.0,0.8012158011271014,0.7957685657365936,reliable,reliable
T3_Elovich,N3_add_0.03,C_early,12,0.836,1.0,0.7360043709514298,0.884584553515536,reliable,reliable
T3_Elovich,N3_add_0.03,C_early,16,0.824,1.0,0.6999555974443579,0.9287736042146222,reliable,reliable
T3_Elovich,N3_add_0.03,C_early,24,0.812,1.0,0.6730408147197161,0.9715318459306589,reliable,reliable
T3_Elovich,N3_add_0.03,C_early,40,0.832,1.0,0.6985921204038499,0.8993599842354647,reliable,reliable
T3_Elovich,N3_add_0.03,D_late,4,0.56,0.56,0.39218390178623863,1.3586786805953017,transition,transition
T3_Elovich,N3_add_0.03,D_late,6,0.562,0.562,0.40657839113809274,1.4134444769096162,transition,transition
T3_Elovich,N3_add_0.03,D_late,8,0.62,0.62,0.43946069195039683,1.3375559181001342,transition,transition
T3_Elovich,N3_add_0.03,D_late,12,0.654,0.666,0.45172796167715956,1.2325324843099918,transition,transition
T3_Elovich,N3_add_0.03,D_late,16,0.668,0.712,0.4568083656667467,1.215188757597506,transition,transition
T3_Elovich,N3_add_0.03,D_late,24,0.718,0.76,0.4598084057660196,1.058734048971034,transition,transition
T3_Elovich,N3_add_0.03,D_late,40,0.798,0.896,0.4755958057342731,1.0254696838473454,transition,reliable
T4_TwoSitePFO,N1_add_0.01,A_current,8,0.32,0.992,0.3188606090555253,1.7036628243621739,unreliable,reliable
T4_TwoSitePFO,N1_add_0.01,B_uniform,4,0.0,0.964,,0.22364166448448083,unreliable,reliable
T4_TwoSitePFO,N1_add_0.01,B_uniform,6,0.002,1.0,0.0024449083833672164,0.9997608952436161,unreliable,reliable
T4_TwoSitePFO,N1_add_0.01,B_uniform,8,0.118,0.992,0.1283670362541109,1.434822544328336,unreliable,reliable
T4_TwoSitePFO,N1_add_0.01,B_uniform,12,0.424,1.0,0.37902233673479996,1.5891269068878846,unreliable,reliable
T4_TwoSitePFO,N1_add_0.01,B_uniform,16,0.616,0.998,0.541094844902263,1.391678808839216,transition,reliable
T4_TwoSitePFO,N1_add_0.01,B_uniform,24,0.894,1.0,0.8339566045717395,0.5851333254477709,reliable,reliable
T4_TwoSitePFO,N1_add_0.01,B_uniform,40,0.99,1.0,0.9849433129611641,0.08079313589591118,reliable,reliable
T4_TwoSitePFO,N2_prop_3pct,A_current,8,0.034,0.968,0.05440604184712795,1.4047602488601605,unreliable,reliable
T4_TwoSitePFO,N2_prop_3pct,B_uniform,4,0.0,0.826,,0.8021128849527892,unreliable,reliable
T4_TwoSitePFO,N2_prop_3pct,B_uniform,6,0.0,0.944,7.106430722080172e-06,0.4439679086845012,unreliable,reliable
T4_TwoSitePFO,N2_prop_3pct,B_uniform,8,0.004,0.976,0.017426908412517837,0.9603715983108416,unreliable,reliable
T4_TwoSitePFO,N2_prop_3pct,B_uniform,12,0.062,0.974,0.133715532588632,1.5846447964161996,unreliable,reliable
T4_TwoSitePFO,N2_prop_3pct,B_uniform,16,0.198,0.976,0.24138891754134037,1.74177057994274,unreliable,reliable
T4_TwoSitePFO,N2_prop_3pct,B_uniform,24,0.496,0.99,0.4103212056591018,1.6506287766361212,unreliable,reliable
T4_TwoSitePFO,N2_prop_3pct,B_uniform,40,0.846,0.996,0.7202326451500594,0.8191011898144362,reliable,reliable
T4_TwoSitePFO,N3_add_0.03,A_current,8,0.038,0.958,0.05331729485316763,1.4051871103814202,unreliable,reliable
T4_TwoSitePFO,N3_add_0.03,B_uniform,4,0.0,0.804,,0.8644387516907622,unreliable,reliable
T4_TwoSitePFO,N3_add_0.03,B_uniform,6,0.0,0.95,1.3630621174633911e-05,0.6037433250968323,unreliable,reliable
T4_TwoSitePFO,N3_add_0.03,B_uniform,8,0.012,0.978,0.022150085955761574,1.0972253157310297,unreliable,reliable
T4_TwoSitePFO,N3_add_0.03,B_uniform,12,0.084,0.98,0.14089431283162132,1.6119259929146885,unreliable,reliable
T4_TwoSitePFO,N3_add_0.03,B_uniform,16,0.218,0.982,0.2411626400004289,1.7345191757281735,unreliable,reliable
T4_TwoSitePFO,N3_add_0.03,B_uniform,24,0.468,0.992,0.3991332485207473,1.658783554498826,unreliable,reliable
T4_TwoSitePFO,N3_add_0.03,B_uniform,40,0.808,1.0,0.6807319210433885,0.8903264851259219,reliable,reliable
T4_TwoSitePFO,N3_add_0.03,C_early,4,0.0,0.576,,1.16779782193498,unreliable,transition
T4_TwoSitePFO,N3_add_0.03,C_early,6,0.006,0.58,0.004433801541460435,1.3767695268502367,unreliable,transition
T4_TwoSitePFO,N3_add_0.03,C_early,8,0.296,0.662,0.2843728342624072,2.1266657991061946,unreliable,transition
T4_TwoSitePFO,N3_add_0.03,C_early,12,0.686,0.866,0.6102573344697225,1.4431882131374,transition,reliable
T4_TwoSitePFO,N3_add_0.03,C_early,16,0.846,0.942,0.7542109729444867,0.8750457107673105,reliable,reliable
T4_TwoSitePFO,N3_add_0.03,C_early,24,0.94,0.984,0.8720174537808474,0.4292853032845509,reliable,reliable
T4_TwoSitePFO,N3_add_0.03,C_early,40,0.976,0.998,0.9491468243202833,0.19187486819638314,reliable,reliable
T4_TwoSitePFO,N3_add_0.03,D_late,4,0.0,0.566,,1.35376112297058,unreliable,transition
T4_TwoSitePFO,N3_add_0.03,D_late,6,0.0,0.66,6.33244013717737e-09,1.2631534772028474,unreliable,transition
T4_TwoSitePFO,N3_add_0.03,D_late,8,0.0,0.728,0.0012999435507040987,1.104414968915609,unreliable,transition
T4_TwoSitePFO,N3_add_0.03,D_late,12,0.002,0.848,0.03646689584786448,1.1719457648336908,unreliable,reliable
T4_TwoSitePFO,N3_add_0.03,D_late,16,0.008,0.912,0.07953375994673947,1.32540829697623,unreliable,reliable
T4_TwoSitePFO,N3_add_0.03,D_late,24,0.042,0.964,0.1446308511649457,1.5465901367815431,unreliable,reliable
T4_TwoSitePFO,N3_add_0.03,D_late,40,0.15,0.992,0.23147222601852196,1.726145121551305,unreliable,reliable
T5_PSO+sqrt,N1_add_0.01,A_current,8,0.956,1.0,0.882708816439754,0.3040779543174365,reliable,reliable
T5_PSO+sqrt,N1_add_0.01,B_uniform,4,0.0,0.998,,0.020814071335501033,unreliable,reliable
T5_PSO+sqrt,N1_add_0.01,B_uniform,6,0.542,1.0,0.5349855119895427,0.9949041692998883,transition,reliable
T5_PSO+sqrt,N1_add_0.01,B_uniform,8,0.93,1.0,0.8298720053360149,0.46376674421811526,reliable,reliable
T5_PSO+sqrt,N1_add_0.01,B_uniform,12,0.864,1.0,0.6783271799430654,0.7041839539360977,reliable,reliable
T5_PSO+sqrt,N1_add_0.01,B_uniform,16,0.83,1.0,0.6397857006388606,0.8256452887618555,reliable,reliable
T5_PSO+sqrt,N1_add_0.01,B_uniform,24,0.806,1.0,0.6400140016305671,0.9033925608302076,reliable,reliable
T5_PSO+sqrt,N1_add_0.01,B_uniform,40,0.84,1.0,0.7225665491687746,0.6612953036800333,reliable,reliable
T5_PSO+sqrt,N2_prop_3pct,A_current,8,0.57,1.0,0.5234843438760295,1.1456037499767902,transition,reliable
T5_PSO+sqrt,N2_prop_3pct,B_uniform,4,0.0,0.872,,0.6410427227526259,unreliable,reliable
T5_PSO+sqrt,N2_prop_3pct,B_uniform,6,0.026,0.964,0.06008388168865439,0.3961649743990723,unreliable,reliable
T5_PSO+sqrt,N2_prop_3pct,B_uniform,8,0.244,0.994,0.2877094245493987,0.8920728613820085,unreliable,reliable
T5_PSO+sqrt,N2_prop_3pct,B_uniform,12,0.638,1.0,0.48912363133943265,1.1502362907203554,transition,reliable
T5_PSO+sqrt,N2_prop_3pct,B_uniform,16,0.79,1.0,0.5218572965223781,1.0005486212168193,transition,reliable
T5_PSO+sqrt,N2_prop_3pct,B_uniform,24,0.816,1.0,0.5441907951572629,0.9147405162999132,reliable,reliable
T5_PSO+sqrt,N2_prop_3pct,B_uniform,40,0.82,1.0,0.5656108346374648,0.860012920670294,reliable,reliable
T5_PSO+sqrt,N3_add_0.03,A_current,8,0.518,1.0,0.5046213869141581,1.155240645164022,transition,reliable
T5_PSO+sqrt,N3_add_0.03,B_uniform,4,0.0,0.886,,0.5731253775160619,unreliable,reliable
T5_PSO+sqrt,N3_add_0.03,B_uniform,6,0.028,0.972,0.06431340682826397,0.3673573704292832,unreliable,reliable
T5_PSO+sqrt,N3_add_0.03,B_uniform,8,0.274,0.992,0.3061501041645556,1.060046658123432,unreliable,reliable
T5_PSO+sqrt,N3_add_0.03,B_uniform,12,0.642,1.0,0.4902073928363094,1.1763215331711705,transition,reliable
T5_PSO+sqrt,N3_add_0.03,B_uniform,16,0.784,1.0,0.5225892687037468,1.0263642336277785,transition,reliable
T5_PSO+sqrt,N3_add_0.03,B_uniform,24,0.764,1.0,0.5143325753223652,1.085106585207099,transition,reliable
T5_PSO+sqrt,N3_add_0.03,B_uniform,40,0.792,1.0,0.5477938178111279,0.9361646527940818,transition,reliable
T5_PSO+sqrt,N3_add_0.03,C_early,4,0.0,0.998,,0.020814071335501033,unreliable,reliable
T5_PSO+sqrt,N3_add_0.03,C_early,6,0.444,1.0,0.4699958944789216,1.0990290845845148,unreliable,reliable
T5_PSO+sqrt,N3_add_0.03,C_early,8,0.752,1.0,0.6945452045168744,1.0589347823024384,transition,reliable
T5_PSO+sqrt,N3_add_0.03,C_early,12,0.806,1.0,0.6638698143768752,1.0123015584556359,reliable,reliable
T5_PSO+sqrt,N3_add_0.03,C_early,16,0.812,1.0,0.6526723277350258,0.9590580721361588,reliable,reliable
T5_PSO+sqrt,N3_add_0.03,C_early,24,0.806,1.0,0.6235398336461869,0.9419826506031889,reliable,reliable
T5_PSO+sqrt,N3_add_0.03,C_early,40,0.778,1.0,0.6309861126933685,1.0160066687815281,transition,reliable
T5_PSO+sqrt,N3_add_0.03,D_late,4,0.0,0.588,,1.3253075874790887,unreliable,transition
T5_PSO+sqrt,N3_add_0.03,D_late,6,0.0,0.722,0.006767298520959438,1.1306179178698386,unreliable,transition
T5_PSO+sqrt,N3_add_0.03,D_late,8,0.006,0.776,0.07286492578944946,0.9821998395687757,unreliable,transition
T5_PSO+sqrt,N3_add_0.03,D_late,12,0.082,0.906,0.1907032243239882,0.921755613663056,unreliable,reliable
T5_PSO+sqrt,N3_add_0.03,D_late,16,0.21,0.948,0.25873314007022924,1.2207562561284675,unreliable,reliable
T5_PSO+sqrt,N3_add_0.03,D_late,24,0.412,0.99,0.32930088976535016,1.3642827325087532,unreliable,reliable
T5_PSO+sqrt,N3_add_0.03,D_late,40,0.608,1.0,0.39171135940141283,1.394017884207359,transition,reliable
