truth,noise,placement,n,param,n_fits,median_abs_logerr,rmse_logerr,bias_logerr,coverage,frac_identifiable,identifiable_condition
T1_PSO,N1_add_0.01,A_current,8,0,500,0.0038823658633821,0.005623359661428722,-0.00013144094775415,0.894,1.0,True
T1_PSO,N1_add_0.01,A_current,8,1,500,0.0263818943713185,0.0380908292078032,0.0001008997748777,0.904,1.0,True
T1_PSO,N1_add_0.01,B_uniform,4,0,500,0.0064694175565629,0.010308302501827998,-0.0002082674270469,0.806,1.0,True
T1_PSO,N1_add_0.01,B_uniform,4,1,500,0.0779121511449585,0.12502997141635136,-0.0046780983232546005,0.834,0.994,True
T1_PSO,N1_add_0.01,B_uniform,6,0,500,0.004655015935243451,0.007515035567679705,-0.00095886906437395,0.856,1.0,True
T1_PSO,N1_add_0.01,B_uniform,6,1,500,0.0518441489933585,0.08163724858569146,0.003805447888981,0.864,1.0,True
T1_PSO,N1_add_0.01,B_uniform,8,0,500,0.0039154932289823495,0.006356305616811068,5.357233118209043e-05,0.89,1.0,True
T1_PSO,N1_add_0.01,B_uniform,8,1,500,0.0398222907122499,0.062239504374544154,0.00064566192900025,0.904,1.0,True
T1_PSO,N1_add_0.01,B_uniform,12,0,500,0.00310178678123115,0.004638907003056442,0.00011797009288785,0.928,1.0,True
T1_PSO,N1_add_0.01,B_uniform,12,1,500,0.029164680654427948,0.04286797116938432,-0.0018741744163097,0.938,1.0,True
T1_PSO,N1_add_0.01,B_uniform,16,0,500,0.0030206469929127504,0.004240569693154951,-0.00010214968431457874,0.918,1.0,True
T1_PSO,N1_add_0.01,B_uniform,16,1,500,0.023546230384759947,0.03713158479303629,-0.00024638153284925,0.924,1.0,True
T1_PSO,N1_add_0.01,B_uniform,24,0,500,0.00200413279178035,0.003226188139289609,-9.718401181022073e-05,0.946,1.0,True
T1_PSO,N1_add_0.01,B_uniform,24,1,500,0.01800397971256945,0.02743664281901912,0.0008645332530563,0.942,1.0,True
T1_PSO,N1_add_0.01,B_uniform,40,0,500,0.0016842434612643498,0.0025143396682996465,-0.0001418255632434,0.944,1.0,True
T1_PSO,N1_add_0.01,B_uniform,40,1,500,0.01527208794300855,0.021458782425159268,0.0009823265608801001,0.954,1.0,True
T1_PSO,N2_prop_3pct,A_current,8,0,500,0.01238834209909075,0.017502084881599017,0.0006017876524788,0.9,1.0,True
T1_PSO,N2_prop_3pct,A_current,8,1,500,0.067896285443087,0.10355053467797369,-0.0057061716925004,0.946,1.0,True
T1_PSO,N2_prop_3pct,B_uniform,4,0,500,0.0241127660277693,0.03552287581858025,-0.0008704150916845,0.808,1.0,True
T1_PSO,N2_prop_3pct,B_uniform,4,1,500,0.27115399380518584,1.3546821556512674,-0.0134704957334641,0.836,0.51,False
T1_PSO,N2_prop_3pct,B_uniform,6,0,500,0.0150248743249354,0.02353340223058821,0.0006642606798386999,0.892,1.0,True
T1_PSO,N2_prop_3pct,B_uniform,6,1,500,0.14472488924671986,0.2521326726462196,-0.0043871577480727,0.916,0.848,True
T1_PSO,N2_prop_3pct,B_uniform,8,0,500,0.0127393564603071,0.019985262189335655,0.0013592432925361,0.872,1.0,True
T1_PSO,N2_prop_3pct,B_uniform,8,1,500,0.1131060802672223,0.18620594666802343,0.00247151122285965,0.924,0.96,True
T1_PSO,N2_prop_3pct,B_uniform,12,0,500,0.01022307780783525,0.015552594334577402,0.0010014705300571002,0.924,1.0,True
T1_PSO,N2_prop_3pct,B_uniform,12,1,500,0.08375859180065645,0.12591327668887883,-0.0065443978564203,0.956,0.998,True
T1_PSO,N2_prop_3pct,B_uniform,16,0,500,0.00885804993809045,0.01261115985733349,6.281608458778056e-05,0.93,1.0,True
T1_PSO,N2_prop_3pct,B_uniform,16,1,500,0.0645110842457703,0.09937881020292295,0.0005352859804005001,0.972,1.0,True
T1_PSO,N2_prop_3pct,B_uniform,24,0,500,0.0065284423229654,0.009786869323258313,-0.00044753023233475,0.942,1.0,True
T1_PSO,N2_prop_3pct,B_uniform,24,1,500,0.04544142254506475,0.06992466211395709,-0.0002676935448040355,0.978,1.0,True
T1_PSO,N2_prop_3pct,B_uniform,40,0,500,0.00486360037838045,0.007983370430834275,0.0002398785217568,0.934,1.0,True
T1_PSO,N2_prop_3pct,B_uniform,40,1,500,0.037225462452017355,0.054761169090342766,-6.924809528104996e-05,0.982,1.0,True
T1_PSO,N3_add_0.03,A_current,8,0,500,0.01313966001040095,0.019123380094551758,0.0004989723101719999,0.872,1.0,True
T1_PSO,N3_add_0.03,A_current,8,1,500,0.08457957409606634,0.12586986358768526,-0.0060687891422286,0.88,1.0,True
T1_PSO,N3_add_0.03,B_uniform,4,0,500,0.022054193899668548,0.03164121413390504,-0.0005951534793072,0.802,0.996,True
T1_PSO,N3_add_0.03,B_uniform,4,1,500,0.2652783624143833,3.422631177988099,-0.00020685573491065,0.818,0.562,False
T1_PSO,N3_add_0.03,B_uniform,6,0,500,0.01658496760998045,0.02339166454444732,-0.00084962304975305,0.882,1.0,True
T1_PSO,N3_add_0.03,B_uniform,6,1,500,0.16682298153746705,0.2474453464797147,-0.0007118543236477501,0.902,0.84,True
T1_PSO,N3_add_0.03,B_uniform,8,0,500,0.01210615742526635,0.01814200267220794,0.00144618216239705,0.93,1.0,True
T1_PSO,N3_add_0.03,B_uniform,8,1,500,0.12652514931268238,0.18731640131463184,-0.0177582669143059,0.908,0.988,True
T1_PSO,N3_add_0.03,B_uniform,12,0,500,0.0102827469644126,0.015840419528452044,0.0006273072924450999,0.906,1.0,True
T1_PSO,N3_add_0.03,B_uniform,12,1,500,0.09999214637946635,0.14318345291781248,-0.0014860703889850498,0.912,1.0,True
T1_PSO,N3_add_0.03,B_uniform,16,0,500,0.0081440149365326,0.01208928724409438,3.4341494489414465e-05,0.938,1.0,True
T1_PSO,N3_add_0.03,B_uniform,16,1,500,0.06912422347425079,0.10849699833960705,-0.00314774393027235,0.94,1.0,True
T1_PSO,N3_add_0.03,B_uniform,24,0,500,0.00656372727497675,0.009678504477916383,0.00043897044923809996,0.952,1.0,True
T1_PSO,N3_add_0.03,B_uniform,24,1,500,0.0519791993184524,0.07923114114538933,-0.00177925936423775,0.948,1.0,True
T1_PSO,N3_add_0.03,B_uniform,40,0,500,0.00487884598926225,0.0077999213834255435,-0.0001124453988174052,0.926,1.0,True
T1_PSO,N3_add_0.03,B_uniform,40,1,500,0.04605084510011975,0.06667710622909491,0.00975994852517555,0.92,1.0,True
T1_PSO,N3_add_0.03,C_early,4,0,500,0.01653487079258335,0.02699726966046874,9.695179495049222e-05,0.834,1.0,True
T1_PSO,N3_add_0.03,C_early,4,1,500,0.08272584297842275,0.134359682278925,0.00294120432169335,0.834,0.998,True
T1_PSO,N3_add_0.03,C_early,6,0,500,0.01487552090376085,0.023683040256537644,-0.00042241229588675005,0.86,1.0,True
T1_PSO,N3_add_0.03,C_early,6,1,500,0.07731467721743175,0.11146790134602366,0.0017399277086839501,0.86,1.0,True
T1_PSO,N3_add_0.03,C_early,8,0,500,0.01431684855440285,0.01996852093287522,0.00091818026069195,0.9,1.0,True
T1_PSO,N3_add_0.03,C_early,8,1,500,0.06474658960756224,0.09452154019950279,0.0039917147758048,0.902,1.0,True
T1_PSO,N3_add_0.03,C_early,12,0,500,0.0111323386684683,0.017341496209618314,0.0003138301758365,0.93,1.0,True
T1_PSO,N3_add_0.03,C_early,12,1,500,0.05144769675873575,0.08170623858828678,-0.002239651337013,0.916,1.0,True
T1_PSO,N3_add_0.03,C_early,16,0,500,0.0097769654226549,0.014251038188104179,-0.0014225654041512999,0.934,1.0,True
T1_PSO,N3_add_0.03,C_early,16,1,500,0.0438875962392426,0.06537535076601521,0.0032456404187941003,0.924,1.0,True
T1_PSO,N3_add_0.03,C_early,24,0,500,0.00858163198059065,0.012638488513863603,0.00036013150343740003,0.934,1.0,True
T1_PSO,N3_add_0.03,C_early,24,1,500,0.038220757603360855,0.057999699117794415,0.0018681549792075,0.93,1.0,True
T1_PSO,N3_add_0.03,C_early,40,0,500,0.00616102790192355,0.009459787204864338,-0.00019026723266975,0.952,1.0,True
T1_PSO,N3_add_0.03,C_early,40,1,500,0.026865441147228497,0.04316625549863937,0.0007109578958381,0.934,1.0,True
T1_PSO,N3_add_0.03,D_late,4,0,500,0.03441828651151175,0.051085576088210856,0.0041255638916891,0.794,0.968,True
T1_PSO,N3_add_0.03,D_late,4,1,500,0.5985487015762447,10.845205860372364,-0.0601064063500622,0.798,0.184,False
T1_PSO,N3_add_0.03,D_late,6,0,500,0.0264722429572317,0.03760507420810411,-0.0048753880398407,0.882,0.996,True
T1_PSO,N3_add_0.03,D_late,6,1,500,0.42885868539500394,6.550308719666824,0.06226052020783805,0.912,0.176,False
T1_PSO,N3_add_0.03,D_late,8,0,500,0.0198863177229971,0.029364821172169188,0.0017380647799109502,0.928,1.0,True
T1_PSO,N3_add_0.03,D_late,8,1,500,0.29187594696577546,3.1331979422377056,-0.01018205875311135,0.938,0.286,False
T1_PSO,N3_add_0.03,D_late,12,0,500,0.016287253871525853,0.023299162658684102,-0.0017171198211197,0.918,1.0,True
T1_PSO,N3_add_0.03,D_late,12,1,500,0.22987453033413024,1.2107769200772573,0.01786055589083065,0.95,0.574,False
T1_PSO,N3_add_0.03,D_late,16,0,500,0.01148544913861865,0.017492699067780292,0.0003413897318889,0.954,1.0,True
T1_PSO,N3_add_0.03,D_late,16,1,500,0.15886388379642763,0.28941150513373715,0.00922596455903185,0.962,0.808,True
T1_PSO,N3_add_0.03,D_late,24,0,500,0.009129655619477449,0.014115153553396327,-0.000466486875611,0.948,1.0,True
T1_PSO,N3_add_0.03,D_late,24,1,500,0.12814629661858165,0.22091909528688183,0.00370002242058205,0.954,0.974,True
T1_PSO,N3_add_0.03,D_late,40,0,500,0.0068830381878823,0.010735472562046953,-0.00064753590484505,0.93,1.0,True
T1_PSO,N3_add_0.03,D_late,40,1,500,0.0957803308860736,0.14755106303108237,0.0077174546824431995,0.946,1.0,True
T2_PFO,N1_add_0.01,A_current,8,0,500,0.0028559009972424004,0.004342213893360353,-7.783745278220136e-06,0.886,1.0,True
T2_PFO,N1_add_0.01,A_current,8,1,500,0.0140369048770725,0.02252630680895769,-0.00029572430923625,0.9,1.0,True
T2_PFO,N1_add_0.01,B_uniform,4,0,500,0.0036280967771598,0.005356980823538107,-1.4303526847780912e-05,0.792,0.942,True
T2_PFO,N1_add_0.01,B_uniform,4,1,500,0.07350313661563815,0.8684187625842081,0.00242326045328095,0.79,0.858,True
T2_PFO,N1_add_0.01,B_uniform,6,0,500,0.0027188621577981997,0.004363272224460383,-0.0003000813329543,0.862,0.998,True
T2_PFO,N1_add_0.01,B_uniform,6,1,500,0.03727912285504195,0.2481892298824475,0.000941669475579,0.87,0.988,True
T2_PFO,N1_add_0.01,B_uniform,8,0,500,0.00273827797545235,0.004043902846524754,-0.00019878956735600001,0.886,1.0,True
T2_PFO,N1_add_0.01,B_uniform,8,1,500,0.02251709601829025,0.03782350861295584,0.00011800880581855011,0.898,1.0,True
T2_PFO,N1_add_0.01,B_uniform,12,0,500,0.0018877682092218,0.002997519698568815,8.850536020194033e-05,0.932,1.0,True
T2_PFO,N1_add_0.01,B_uniform,12,1,500,0.01631305705748645,0.025207866549873864,0.0012219279363763,0.912,1.0,True
T2_PFO,N1_add_0.01,B_uniform,16,0,500,0.00179043540346455,0.002623726088276088,3.8306129965193225e-05,0.934,1.0,True
T2_PFO,N1_add_0.01,B_uniform,16,1,500,0.014350459307618201,0.021000138751486916,0.00083955301694735,0.938,1.0,True
T2_PFO,N1_add_0.01,B_uniform,24,0,500,0.00151597726556605,0.0022913389147253506,0.00015735735510559999,0.912,1.0,True
T2_PFO,N1_add_0.01,B_uniform,24,1,500,0.01104851288578905,0.0165860608799068,-0.002053761759047,0.92,1.0,True
T2_PFO,N1_add_0.01,B_uniform,40,0,500,0.00117802266333375,0.001743726736337368,-0.00013805466117800002,0.928,1.0,True
T2_PFO,N1_add_0.01,B_uniform,40,1,500,0.0089968459265299,0.01307104185072928,0.00099066630805115,0.956,1.0,True
T2_PFO,N2_prop_3pct,A_current,8,0,500,0.008661827997853401,0.013120903849535464,0.00046915119934005,0.91,1.0,True
T2_PFO,N2_prop_3pct,A_current,8,1,500,0.0391303243540208,0.0550164209409079,1.3756003500731031e-05,0.958,1.0,True
T2_PFO,N2_prop_3pct,B_uniform,4,0,500,0.01205192056837575,0.01749527972928167,0.0008468569793484,0.622,0.76,False
T2_PFO,N2_prop_3pct,B_uniform,4,1,500,0.25105686085665857,1.9374122451838947,0.0040851585821237,0.598,0.568,False
T2_PFO,N2_prop_3pct,B_uniform,6,0,500,0.00962280240759425,0.014252017162267303,0.0006051498037857,0.862,0.98,True
T2_PFO,N2_prop_3pct,B_uniform,6,1,500,0.09910160980782895,0.5285910779929174,-0.0084313519980714,0.896,0.898,True
T2_PFO,N2_prop_3pct,B_uniform,8,0,500,0.0075096086758181,0.011747501468289174,-0.0005545559061265,0.906,0.994,True
T2_PFO,N2_prop_3pct,B_uniform,8,1,500,0.06367667404600261,0.2877306278424299,0.00439866642833435,0.928,0.978,True
T2_PFO,N2_prop_3pct,B_uniform,12,0,500,0.00612030831325575,0.009603456678919306,-0.00054930154246265,0.91,1.0,True
T2_PFO,N2_prop_3pct,B_uniform,12,1,500,0.036980857862744146,0.06381260404346267,0.0011719798904099,0.986,1.0,True
T2_PFO,N2_prop_3pct,B_uniform,16,0,500,0.00534664265422405,0.008436283792418816,0.0001601812077402,0.916,1.0,True
T2_PFO,N2_prop_3pct,B_uniform,16,1,500,0.0350585801420368,0.05145821620558387,-0.0022643862606880998,0.966,1.0,True
T2_PFO,N2_prop_3pct,B_uniform,24,0,500,0.0044752649940195,0.006993095672463282,0.0003013975861816,0.932,1.0,True
T2_PFO,N2_prop_3pct,B_uniform,24,1,500,0.025308216574032302,0.03862047578113998,-0.0010173452448564999,0.988,1.0,True
T2_PFO,N2_prop_3pct,B_uniform,40,0,500,0.00388206271697305,0.0056270092694030585,-0.00010245075753819406,0.934,1.0,True
T2_PFO,N2_prop_3pct,B_uniform,40,1,500,0.0201757147247192,0.03135357375683535,-0.00077669284689795,0.972,1.0,True
T2_PFO,N3_add_0.03,A_current,8,0,500,0.0091480462951099,0.013084023194370164,-0.00010180303065912311,0.906,1.0,True
T2_PFO,N3_add_0.03,A_current,8,1,500,0.0478836682499099,0.06831909705316451,4.5719742085799996e-05,0.896,1.0,True
T2_PFO,N3_add_0.03,B_uniform,4,0,500,0.01090943702721335,0.016618106979301845,-0.0002272903528752,0.632,0.778,False
T2_PFO,N3_add_0.03,B_uniform,4,1,500,0.24300544538614255,1.8858094670823897,0.030351752310516053,0.628,0.564,False
T2_PFO,N3_add_0.03,B_uniform,6,0,500,0.00921497704866555,0.013228000672202834,-6.90755468427326e-05,0.854,0.946,True
T2_PFO,N3_add_0.03,B_uniform,6,1,500,0.1049559296154485,0.9375652913657762,0.006206536420477251,0.862,0.878,True
T2_PFO,N3_add_0.03,B_uniform,8,0,500,0.0077043278749036,0.0115871199306846,-1.6528159104273188e-05,0.906,0.992,True
T2_PFO,N3_add_0.03,B_uniform,8,1,500,0.07229822521337745,0.3709831520198765,-0.003960388838375,0.906,0.984,True
T2_PFO,N3_add_0.03,B_uniform,12,0,500,0.0064142364775705,0.009003691996883226,-0.00018259681694235002,0.938,1.0,True
T2_PFO,N3_add_0.03,B_uniform,12,1,500,0.04996625778719105,0.07913247344887706,-0.004263681211434851,0.91,0.998,True
T2_PFO,N3_add_0.03,B_uniform,16,0,500,0.005536337618862901,0.008436289965341166,0.0006198786199741999,0.918,1.0,True
T2_PFO,N3_add_0.03,B_uniform,16,1,500,0.03802973031603825,0.060542867878983976,-0.0030921081325073,0.938,1.0,True
T2_PFO,N3_add_0.03,B_uniform,24,0,500,0.004601340690884,0.006858978212102943,-0.000124564335546,0.938,1.0,True
T2_PFO,N3_add_0.03,B_uniform,24,1,500,0.0332739863500168,0.04858058173708957,-0.0002577022229515,0.952,1.0,True
T2_PFO,N3_add_0.03,B_uniform,40,0,500,0.0030699916496417,0.00505463369351093,4.458189534857493e-05,0.946,1.0,True
T2_PFO,N3_add_0.03,B_uniform,40,1,500,0.02859163524727365,0.03990763515582479,-0.00350106027180235,0.944,1.0,True
T2_PFO,N3_add_0.03,C_early,4,0,500,0.0155458735817397,0.02310293802987956,0.00050232824969075,0.778,1.0,True
T2_PFO,N3_add_0.03,C_early,4,1,500,0.0544986735958263,0.08119658138582378,-0.0032506500576212497,0.788,1.0,True
T2_PFO,N3_add_0.03,C_early,6,0,500,0.012821166341143251,0.018581965234232507,0.00225896983121295,0.876,1.0,True
T2_PFO,N3_add_0.03,C_early,6,1,500,0.0442793542963535,0.06593239990361045,-0.0054744939029216,0.876,1.0,True
T2_PFO,N3_add_0.03,C_early,8,0,500,0.0111354815201038,0.01728733262078572,-0.0004859121206088,0.908,1.0,True
T2_PFO,N3_add_0.03,C_early,8,1,500,0.0354008689317808,0.055084379106962005,0.0014508502576299999,0.91,1.0,True
T2_PFO,N3_add_0.03,C_early,12,0,500,0.0089824258347423,0.01345836926735436,0.0003502477847235,0.934,1.0,True
T2_PFO,N3_add_0.03,C_early,12,1,500,0.0303777547526189,0.04573882249891143,-0.00049564280311215,0.932,1.0,True
T2_PFO,N3_add_0.03,C_early,16,0,500,0.00817503498799825,0.011968120162152266,0.0007071391354199,0.928,1.0,True
T2_PFO,N3_add_0.03,C_early,16,1,500,0.0296031164111101,0.04062304316970178,-0.00272974559337985,0.934,1.0,True
T2_PFO,N3_add_0.03,C_early,24,0,500,0.0062769501906419,0.00937368996998895,-0.00043889888327174997,0.942,1.0,True
T2_PFO,N3_add_0.03,C_early,24,1,500,0.020437017982186202,0.03027254434493816,0.0034376670881468,0.96,1.0,True
T2_PFO,N3_add_0.03,C_early,40,0,500,0.0051929754115961,0.007758562071167209,4.6356306087749766e-05,0.938,1.0,True
T2_PFO,N3_add_0.03,C_early,40,1,500,0.018656947526122097,0.025843153893054194,0.0016257567789159499,0.934,1.0,True
T2_PFO,N3_add_0.03,D_late,4,0,500,0.0114452479160042,0.018566763957234556,0.0052573211386520505,0.396,0.5,False
T2_PFO,N3_add_0.03,D_late,4,1,500,1.2287270757245223,7.21089523572941,0.5639550763474742,0.21,0.286,False
T2_PFO,N3_add_0.03,D_late,6,0,500,0.0084768068808781,0.012970232561649012,0.0029575616394448,0.524,0.578,False
T2_PFO,N3_add_0.03,D_late,6,1,500,0.8010972534520742,4.850692343511803,-0.07654488521809205,0.392,0.296,False
T2_PFO,N3_add_0.03,D_late,8,0,500,0.00660905617346085,0.01042856670696318,0.0010669957590696,0.534,0.576,False
T2_PFO,N3_add_0.03,D_late,8,1,500,0.6431616293062232,3.641076471954085,0.10463998132583005,0.434,0.332,False
T2_PFO,N3_add_0.03,D_late,12,0,500,0.00585817825672285,0.00843096869897582,0.00192811002544075,0.718,0.742,False
T2_PFO,N3_add_0.03,D_late,12,1,500,0.30700235997738495,2.2182265932147813,-0.026793841887767303,0.62,0.472,False
T2_PFO,N3_add_0.03,D_late,16,0,500,0.0052836294552988,0.0076680192877345375,0.00048242351079564997,0.74,0.8,True
T2_PFO,N3_add_0.03,D_late,16,1,500,0.19839838129346066,1.9661668109393982,0.0271939869667754,0.698,0.614,False
T2_PFO,N3_add_0.03,D_late,24,0,500,0.00428744633262255,0.006600365672771306,0.00016105237757505002,0.838,0.91,True
T2_PFO,N3_add_0.03,D_late,24,1,500,0.12325229195077944,1.1763619223485022,0.0017299255929838502,0.844,0.798,False
T2_PFO,N3_add_0.03,D_late,40,0,500,0.0034895276717508998,0.004989348583128026,0.00034035745597205,0.924,0.99,True
T2_PFO,N3_add_0.03,D_late,40,1,500,0.0744333333388824,0.47898964427089785,0.0095442514417829,0.948,0.944,True
T3_Elovich,N1_add_0.01,A_current,8,0,500,0.0794638425205913,0.11853854563221057,-0.0002459810072998826,0.908,1.0,True
T3_Elovich,N1_add_0.01,A_current,8,1,500,0.01553409931834975,0.023382845835053474,0.0006787182137347,0.904,1.0,True
T3_Elovich,N1_add_0.01,B_uniform,4,0,500,0.227155235205458,0.33777100898863816,-0.01064354614662825,0.8,0.68,False
T3_Elovich,N1_add_0.01,B_uniform,4,1,500,0.0412070089294487,0.06144615165547717,-0.0035060447936463,0.802,1.0,True
T3_Elovich,N1_add_0.01,B_uniform,6,0,500,0.163031164554868,0.23784584326883274,0.006478613398856,0.87,0.918,True
T3_Elovich,N1_add_0.01,B_uniform,6,1,500,0.03081258846676365,0.04310380836956,0.0010695755204127,0.86,1.0,True
T3_Elovich,N1_add_0.01,B_uniform,8,0,500,0.12686764525420705,0.18622240026949421,-0.02500903271791615,0.89,0.994,True
T3_Elovich,N1_add_0.01,B_uniform,8,1,500,0.0232590486964975,0.0344899283181788,-0.005206597079391,0.892,1.0,True
T3_Elovich,N1_add_0.01,B_uniform,12,0,500,0.0848814995977329,0.13323786004228944,0.008638527136400901,0.916,1.0,True
T3_Elovich,N1_add_0.01,B_uniform,12,1,500,0.0159212520560817,0.025012457635258674,0.00191300892127015,0.92,1.0,True
T3_Elovich,N1_add_0.01,B_uniform,16,0,500,0.07194876369719855,0.10972565266878315,-0.0005987889070912,0.932,1.0,True
T3_Elovich,N1_add_0.01,B_uniform,16,1,500,0.013954775512250401,0.020499894623099105,-0.0011229555014401,0.926,1.0,True
T3_Elovich,N1_add_0.01,B_uniform,24,0,500,0.0550811185077743,0.08412325843883259,0.00307083319321105,0.942,1.0,True
T3_Elovich,N1_add_0.01,B_uniform,24,1,500,0.01043058692561875,0.015778871352910128,0.0002873681690154,0.938,1.0,True
T3_Elovich,N1_add_0.01,B_uniform,40,0,500,0.0409739522121953,0.05936384242499283,-0.0047878360014187,0.962,1.0,True
T3_Elovich,N1_add_0.01,B_uniform,40,1,500,0.007875599003339201,0.01130013568690533,-0.00016770034069375,0.96,1.0,True
T3_Elovich,N2_prop_3pct,A_current,8,0,500,0.2125072130890219,0.3239913633137664,-0.00075317185912665,0.912,0.594,False
T3_Elovich,N2_prop_3pct,A_current,8,1,500,0.04594818417245535,0.06620555116331035,-0.00378013787543735,0.916,1.0,True
T3_Elovich,N2_prop_3pct,B_uniform,4,0,500,0.6549685200687443,1.3643146916018853,0.0205253552037203,0.852,0.118,False
T3_Elovich,N2_prop_3pct,B_uniform,4,1,500,0.1208703903715134,0.20474596123179725,-0.00067865097310065,0.84,0.938,True
T3_Elovich,N2_prop_3pct,B_uniform,6,0,500,0.4338414088820042,0.7231265608974506,-0.06815843807381505,0.902,0.122,False
T3_Elovich,N2_prop_3pct,B_uniform,6,1,500,0.0825216086890182,0.1261542607401556,-0.0121168993789486,0.912,1.0,True
T3_Elovich,N2_prop_3pct,B_uniform,8,0,500,0.3308588355134279,0.5316842485172857,0.01321391928423045,0.932,0.152,False
T3_Elovich,N2_prop_3pct,B_uniform,8,1,500,0.06278454547357455,0.09732643452563605,0.00142580837117275,0.928,1.0,True
T3_Elovich,N2_prop_3pct,B_uniform,12,0,500,0.2441803619182803,0.3565520040643018,-0.03403569148393195,0.95,0.408,False
T3_Elovich,N2_prop_3pct,B_uniform,12,1,500,0.04741104200924425,0.0671305996984557,-0.0059171595323339495,0.948,1.0,True
T3_Elovich,N2_prop_3pct,B_uniform,16,0,500,0.1872177755175039,0.29011034043518813,0.044181209560499854,0.964,0.606,False
T3_Elovich,N2_prop_3pct,B_uniform,16,1,500,0.03725258472476485,0.05518207564415659,0.008379026646580499,0.966,1.0,True
T3_Elovich,N2_prop_3pct,B_uniform,24,0,500,0.1475771135644349,0.22102968010551927,-0.0027620683888018,0.974,0.924,True
T3_Elovich,N2_prop_3pct,B_uniform,24,1,500,0.02798270251013885,0.04272478047505666,0.0022406395539405497,0.968,1.0,True
T3_Elovich,N2_prop_3pct,B_uniform,40,0,500,0.1009090188575635,0.16096212447065247,-0.004500892696835301,0.982,1.0,True
T3_Elovich,N2_prop_3pct,B_uniform,40,1,500,0.020432025104281097,0.031038123837059048,-0.0013048135386309499,0.976,1.0,True
T3_Elovich,N3_add_0.03,A_current,8,0,500,0.222166254322881,0.35394446838601445,-0.03267517022414545,0.9,0.564,False
T3_Elovich,N3_add_0.03,A_current,8,1,500,0.044692853518577255,0.06835520989857616,-0.00523960994062255,0.904,1.0,True
T3_Elovich,N3_add_0.03,B_uniform,4,0,500,0.6223547356051329,1.1777239183900485,-0.0506389239035911,0.82,0.152,False
T3_Elovich,N3_add_0.03,B_uniform,4,1,500,0.11445801375070205,0.18738478416567933,-0.004992559928057,0.824,0.972,True
T3_Elovich,N3_add_0.03,B_uniform,6,0,500,0.47377109194296235,0.750980529861751,0.0373709051024846,0.88,0.136,False
T3_Elovich,N3_add_0.03,B_uniform,6,1,500,0.08587160284650935,0.13095731503658467,0.0099118753394198,0.876,1.0,True
T3_Elovich,N3_add_0.03,B_uniform,8,0,500,0.41590038533867113,0.6512432856659223,-0.0087759883789452,0.856,0.21,False
T3_Elovich,N3_add_0.03,B_uniform,8,1,500,0.0775847826201683,0.11483256733730016,-0.00110537255657945,0.856,1.0,True
T3_Elovich,N3_add_0.03,B_uniform,12,0,500,0.2725908108690962,0.4277381914081555,-0.0311646561328306,0.912,0.37,False
T3_Elovich,N3_add_0.03,B_uniform,12,1,500,0.052772393297467704,0.07761740669346644,-0.004060821015410851,0.92,1.0,True
T3_Elovich,N3_add_0.03,B_uniform,16,0,500,0.2160675725144747,0.3599929372477576,0.01668135617877095,0.916,0.644,False
T3_Elovich,N3_add_0.03,B_uniform,16,1,500,0.042098111967416946,0.06554482882406226,0.0040269090858896005,0.908,1.0,True
T3_Elovich,N3_add_0.03,B_uniform,24,0,500,0.16904471967109946,0.25072239158583676,-0.0291959674742228,0.938,0.956,True
T3_Elovich,N3_add_0.03,B_uniform,24,1,500,0.031332803091515496,0.0474335963684536,-0.003988439215633599,0.93,1.0,True
T3_Elovich,N3_add_0.03,B_uniform,40,0,500,0.12261976062474915,0.18056500338625017,-0.0125190028501868,0.946,1.0,True
T3_Elovich,N3_add_0.03,B_uniform,40,1,500,0.02338448054686785,0.03416898254796038,-0.00203681540832595,0.952,1.0,True
T3_Elovich,N3_add_0.03,C_early,4,0,500,0.17018450960347686,0.2603162388697559,-0.0234175005318484,0.826,0.828,True
T3_Elovich,N3_add_0.03,C_early,4,1,500,0.0391756041260715,0.060460914018962274,-0.0047817977488182,0.822,1.0,True
T3_Elovich,N3_add_0.03,C_early,6,0,500,0.15572050539711246,0.24163805045447143,0.0170775716668596,0.872,0.934,True
T3_Elovich,N3_add_0.03,C_early,6,1,500,0.0356626891893525,0.0560452760765274,-3.086172691202036e-05,0.87,1.0,True
T3_Elovich,N3_add_0.03,C_early,8,0,500,0.1542986102004529,0.21709144622964707,0.005440388200979401,0.896,0.974,True
T3_Elovich,N3_add_0.03,C_early,8,1,500,0.0357533679730661,0.0496608468573503,0.0027510387364757,0.908,1.0,True
T3_Elovich,N3_add_0.03,C_early,12,0,500,0.11537363159830075,0.17392028385797256,-0.00396926855223795,0.91,1.0,True
T3_Elovich,N3_add_0.03,C_early,12,1,500,0.029490923654233052,0.041900869520451384,0.00043771183512370004,0.914,1.0,True
T3_Elovich,N3_add_0.03,C_early,16,0,500,0.10944450632631905,0.16076728058619327,0.00640042767463375,0.926,1.0,True
T3_Elovich,N3_add_0.03,C_early,16,1,500,0.0254731973506117,0.03745332682864491,0.0024503397726346,0.928,1.0,True
T3_Elovich,N3_add_0.03,C_early,24,0,500,0.08009752240106766,0.13032273370981307,0.0065252953524791504,0.926,1.0,True
T3_Elovich,N3_add_0.03,C_early,24,1,500,0.01977876584086615,0.030706320043481977,0.00110270976948975,0.922,1.0,True
T3_Elovich,N3_add_0.03,C_early,40,0,500,0.06727410701360356,0.09912244290439617,-0.0021908405370897,0.958,1.0,True
T3_Elovich,N3_add_0.03,C_early,40,1,500,0.0152238483404948,0.02331575949285504,-0.00139341658314305,0.948,1.0,True
T3_Elovich,N3_add_0.03,D_late,4,0,500,1.3690446286518032,44.75471903349668,0.16660399919285573,0.8,0.078,False
T3_Elovich,N3_add_0.03,D_late,4,1,500,0.24146519288592116,0.5421010974753472,0.028478238144062952,0.8,0.62,False
T3_Elovich,N3_add_0.03,D_late,6,0,500,0.9598904339343854,2.446415455172207,-0.06380686027914455,0.866,0.022,False
T3_Elovich,N3_add_0.03,D_late,6,1,500,0.17127461067099825,0.29491814620161916,-0.01007865568086525,0.888,0.83,True
T3_Elovich,N3_add_0.03,D_late,8,0,500,0.742955736469072,1.5080192315556915,0.01660768936968795,0.916,0.016,False
T3_Elovich,N3_add_0.03,D_late,8,1,500,0.13444515217281056,0.2163874502817727,0.00510725390226105,0.91,0.956,True
T3_Elovich,N3_add_0.03,D_late,12,0,500,0.5678036995314479,0.9737864834059625,0.027051755770686248,0.926,0.014,False
T3_Elovich,N3_add_0.03,D_late,12,1,500,0.10126749698178325,0.15142404586804004,0.00389942863139575,0.93,0.998,True
T3_Elovich,N3_add_0.03,D_late,16,0,500,0.44955475572843945,0.775668790516791,0.03477282067159525,0.944,0.024,False
T3_Elovich,N3_add_0.03,D_late,16,1,500,0.07796791337494596,0.12750000844337075,0.0032909365841861,0.938,1.0,True
T3_Elovich,N3_add_0.03,D_late,24,0,500,0.36768603171612785,0.5861829582454319,6.543537306255001e-05,0.95,0.066,False
T3_Elovich,N3_add_0.03,D_late,24,1,500,0.06624287413083806,0.0978400414370221,-2.6503628670650003e-05,0.95,1.0,True
T3_Elovich,N3_add_0.03,D_late,40,0,500,0.25207716584530593,0.40240146499979873,0.0005219048308653001,0.95,0.34,False
T3_Elovich,N3_add_0.03,D_late,40,1,500,0.0446405051985544,0.06969389365007535,0.0010019597874311999,0.946,1.0,True
T4_TwoSitePFO,N1_add_0.01,A_current,8,0,500,0.0150683806781379,0.022906700389525872,-0.00030649990959285,0.86,0.968,True
T4_TwoSitePFO,N1_add_0.01,A_current,8,1,500,0.07375564732168136,2.296354833652509,0.012381410368184999,0.866,0.932,True
T4_TwoSitePFO,N1_add_0.01,A_current,8,2,500,0.1235630819787324,2.7386964365409447,0.00402364452060275,0.84,0.684,False
T4_TwoSitePFO,N1_add_0.01,A_current,8,3,500,0.22072944342932385,2.8140316286056524,-0.00543203566008405,0.856,0.518,False
T4_TwoSitePFO,N1_add_0.01,B_uniform,6,0,500,0.02719131933997415,0.05672210240042081,0.0180742649529815,0.408,0.526,False
T4_TwoSitePFO,N1_add_0.01,B_uniform,6,1,500,1.1333620641212045,159.9559844283727,-0.0307234936553346,0.268,0.276,False
T4_TwoSitePFO,N1_add_0.01,B_uniform,6,2,500,0.1948965839184001,5.21780922093817,0.09740495520665945,0.492,0.204,False
T4_TwoSitePFO,N1_add_0.01,B_uniform,6,3,500,0.4005603513788198,5.38382174158817,-0.2276212929323815,0.486,0.098,False
T4_TwoSitePFO,N1_add_0.01,B_uniform,8,0,500,0.02013237901373895,0.4035014803019308,0.00599107998950565,0.538,0.618,False
T4_TwoSitePFO,N1_add_0.01,B_uniform,8,1,500,0.5019449106309855,87.98012755270949,0.0224397180736116,0.468,0.348,False
T4_TwoSitePFO,N1_add_0.01,B_uniform,8,2,500,0.15899994053684965,3.9437952532821856,0.03038546207560525,0.568,0.316,False
T4_TwoSitePFO,N1_add_0.01,B_uniform,8,3,500,0.2986217186025639,4.060741645378897,-0.072331550843256,0.584,0.19,False
T4_TwoSitePFO,N1_add_0.01,B_uniform,12,0,500,0.014759221215963299,0.04470395679745418,0.00179586064178335,0.756,0.824,True
T4_TwoSitePFO,N1_add_0.01,B_uniform,12,1,500,0.1439024288857269,24.35235881019445,-0.0010377940033044,0.714,0.692,False
T4_TwoSitePFO,N1_add_0.01,B_uniform,12,2,500,0.0968809401892063,3.0748226055025127,0.0023964859250819497,0.764,0.598,False
T4_TwoSitePFO,N1_add_0.01,B_uniform,12,3,500,0.18774883328999437,3.166370043839479,-0.0129039999211557,0.78,0.44,False
T4_TwoSitePFO,N1_add_0.01,B_uniform,16,0,500,0.0144392604402302,0.02157402441513179,0.00103058620003505,0.886,0.954,True
T4_TwoSitePFO,N1_add_0.01,B_uniform,16,1,500,0.078763903427925,5.679472316277814,0.0078733115717426,0.87,0.9,True
T4_TwoSitePFO,N1_add_0.01,B_uniform,16,2,500,0.1187609405198739,2.60161714531824,0.0136077967529103,0.844,0.716,False
T4_TwoSitePFO,N1_add_0.01,B_uniform,16,3,500,0.2255250327892919,2.667827235964138,-0.01736077824856075,0.858,0.56,False
T4_TwoSitePFO,N1_add_0.01,B_uniform,24,0,500,0.01080000353823575,0.01601150739630221,0.0010263181812132,0.93,0.992,True
T4_TwoSitePFO,N1_add_0.01,B_uniform,24,1,500,0.0402033182961791,0.17559384202547446,-0.0013243905095425,0.928,0.99,True
T4_TwoSitePFO,N1_add_0.01,B_uniform,24,2,500,0.09796151251500185,2.7187404087593237,0.01281729997716475,0.924,0.796,False
T4_TwoSitePFO,N1_add_0.01,B_uniform,24,3,500,0.16549313396082205,2.771571783006234,-0.023746666417031798,0.936,0.664,False
T4_TwoSitePFO,N1_add_0.01,B_uniform,40,0,500,0.00797834679961665,0.01264395719961596,-0.0006007204514714,0.942,1.0,True
T4_TwoSitePFO,N1_add_0.01,B_uniform,40,1,500,0.0260519551871902,0.04035598445573557,0.00137779455193295,0.946,1.0,True
T4_TwoSitePFO,N1_add_0.01,B_uniform,40,2,500,0.05224654641904925,1.6621117063009037,-0.004715758306646899,0.91,0.894,True
T4_TwoSitePFO,N1_add_0.01,B_uniform,40,3,500,0.0990748531079375,1.701709643596631,0.0111603213065998,0.924,0.82,True
T4_TwoSitePFO,N2_prop_3pct,A_current,8,0,500,0.03443758378457035,0.06855557176272256,-0.0037241332569923503,0.812,0.87,True
T4_TwoSitePFO,N2_prop_3pct,A_current,8,1,500,0.18161011279980693,6.231360397123205,0.0306183342472396,0.834,0.552,False
T4_TwoSitePFO,N2_prop_3pct,A_current,8,2,500,0.32745623663198753,5.955184597566357,0.0357095688059513,0.728,0.336,False
T4_TwoSitePFO,N2_prop_3pct,A_current,8,3,500,0.6486834403766424,6.140511225202107,0.002595023607797798,0.76,0.088,False
T4_TwoSitePFO,N2_prop_3pct,B_uniform,6,0,500,0.0563302549128243,0.13614689333708702,0.02618645693286875,0.35,0.36,False
T4_TwoSitePFO,N2_prop_3pct,B_uniform,6,1,500,1.4137859562955715,151.19941763798278,1.3014551171712752,0.284,0.106,False
T4_TwoSitePFO,N2_prop_3pct,B_uniform,6,2,500,0.6878823249447745,8.264179499650451,0.4920334212598631,0.398,0.044,False
T4_TwoSitePFO,N2_prop_3pct,B_uniform,6,3,500,1.3805158936827708,8.632452065835096,-0.9285743238276064,0.406,0.006,False
T4_TwoSitePFO,N2_prop_3pct,B_uniform,8,0,500,0.04739390081135145,0.08854292003823598,0.0119753236701606,0.434,0.46,False
T4_TwoSitePFO,N2_prop_3pct,B_uniform,8,1,500,1.4058658445327454,114.36679922518435,1.348084168153409,0.378,0.11,False
T4_TwoSitePFO,N2_prop_3pct,B_uniform,8,2,500,0.5040080321970005,7.253143047385706,0.2010280658472711,0.448,0.074,False
T4_TwoSitePFO,N2_prop_3pct,B_uniform,8,3,500,0.9128620806295005,7.53595818233093,-0.3504875215728638,0.454,0.002,False
T4_TwoSitePFO,N2_prop_3pct,B_uniform,12,0,500,0.0414921754134722,0.06789241052720262,0.006592168998036999,0.674,0.71,False
T4_TwoSitePFO,N2_prop_3pct,B_uniform,12,1,500,0.3609751351816471,21.849919921445576,-0.01401360162378895,0.646,0.278,False
T4_TwoSitePFO,N2_prop_3pct,B_uniform,12,2,500,0.3345595912554288,6.7605698467641,0.0773851012146497,0.616,0.222,False
T4_TwoSitePFO,N2_prop_3pct,B_uniform,12,3,500,0.635373209987351,7.013493313101952,-0.15076862567078225,0.66,0.032,False
T4_TwoSitePFO,N2_prop_3pct,B_uniform,16,0,500,0.031060155768462903,0.05588072805595697,0.00415123572622975,0.798,0.864,True
T4_TwoSitePFO,N2_prop_3pct,B_uniform,16,1,500,0.18666062048277493,22.405040150092894,0.0058070487379986,0.828,0.566,False
T4_TwoSitePFO,N2_prop_3pct,B_uniform,16,2,500,0.3042887345180343,5.729414539312128,0.10135954105124005,0.762,0.338,False
T4_TwoSitePFO,N2_prop_3pct,B_uniform,16,3,500,0.5555660526527721,5.903364594890852,-0.13985748961902722,0.798,0.104,False
T4_TwoSitePFO,N2_prop_3pct,B_uniform,24,0,500,0.02786063579049395,0.045883647638716704,-0.00239850041532455,0.91,0.986,True
T4_TwoSitePFO,N2_prop_3pct,B_uniform,24,1,500,0.0973452614419697,1.1650765619655354,0.01494588818349045,0.968,0.898,True
T4_TwoSitePFO,N2_prop_3pct,B_uniform,24,2,500,0.2497359589856512,4.826929945679818,0.0417250478116245,0.844,0.484,False
T4_TwoSitePFO,N2_prop_3pct,B_uniform,24,3,500,0.45532781667938504,4.974195558854435,-0.031718803862293254,0.882,0.206,False
T4_TwoSitePFO,N2_prop_3pct,B_uniform,40,0,500,0.019200412490679747,0.031500530863736186,0.001807403213498,0.956,0.998,True
T4_TwoSitePFO,N2_prop_3pct,B_uniform,40,1,500,0.05643552270602245,0.08557374737255162,-0.00053183097272975,0.988,0.998,True
T4_TwoSitePFO,N2_prop_3pct,B_uniform,40,2,500,0.19080012401725333,4.110883056893502,0.01158158620552685,0.89,0.558,False
T4_TwoSitePFO,N2_prop_3pct,B_uniform,40,3,500,0.34213333643508914,4.209754569971643,-0.01132641931816715,0.92,0.302,False
T4_TwoSitePFO,N3_add_0.03,A_current,8,0,500,0.0392550627306091,0.09689202205720376,-0.0055624610971796995,0.726,0.818,True
T4_TwoSitePFO,N3_add_0.03,A_current,8,1,500,0.2440595079957962,9.453066064167357,0.0682746335299495,0.746,0.524,False
T4_TwoSitePFO,N3_add_0.03,A_current,8,2,500,0.3228853243775194,6.112827340619593,0.023471641651642602,0.696,0.358,False
T4_TwoSitePFO,N3_add_0.03,A_current,8,3,500,0.684909850018308,6.318046423907864,0.0033046391952216,0.712,0.116,False
T4_TwoSitePFO,N3_add_0.03,B_uniform,6,0,500,0.0587156413713992,0.15160584811823596,0.024294097167476852,0.322,0.34,False
T4_TwoSitePFO,N3_add_0.03,B_uniform,6,1,500,1.6152310961318062,431.54028062652014,1.4821550491525608,0.244,0.106,False
T4_TwoSitePFO,N3_add_0.03,B_uniform,6,2,500,0.5503076988701217,7.90647583455353,0.36025280969798823,0.37,0.062,False
T4_TwoSitePFO,N3_add_0.03,B_uniform,6,3,500,1.0882830715066332,8.27443768504997,-0.5386083954799332,0.376,0.016,False
T4_TwoSitePFO,N3_add_0.03,B_uniform,8,0,500,0.050840862990157,0.11024678713636869,0.0179059279306794,0.418,0.486,False
T4_TwoSitePFO,N3_add_0.03,B_uniform,8,1,500,1.2722361472560486,70.31113658762891,0.4432032564451962,0.322,0.168,False
T4_TwoSitePFO,N3_add_0.03,B_uniform,8,2,500,0.4504176039244371,8.364833307819211,0.21989713404294503,0.452,0.106,False
T4_TwoSitePFO,N3_add_0.03,B_uniform,8,3,500,0.8238461185040404,8.678624361665113,-0.36931132687964263,0.468,0.018,False
T4_TwoSitePFO,N3_add_0.03,B_uniform,12,0,500,0.0419935213715501,0.07185805366217012,0.00179321251198195,0.586,0.648,False
T4_TwoSitePFO,N3_add_0.03,B_uniform,12,1,500,0.4953609358504047,33.63697765697256,0.07485255947261665,0.562,0.288,False
T4_TwoSitePFO,N3_add_0.03,B_uniform,12,2,500,0.3038559435735649,6.207342707258904,0.05868407611740015,0.584,0.196,False
T4_TwoSitePFO,N3_add_0.03,B_uniform,12,3,500,0.6715221887943028,6.421408087095956,-0.07556399306184139,0.59,0.048,False
T4_TwoSitePFO,N3_add_0.03,B_uniform,16,0,500,0.03745633775175345,0.06261485708518817,-0.0029235781870775,0.726,0.794,False
T4_TwoSitePFO,N3_add_0.03,B_uniform,16,1,500,0.26154456379079427,23.151944996422063,0.0553858691659211,0.734,0.53,False
T4_TwoSitePFO,N3_add_0.03,B_uniform,16,2,500,0.2909248426870581,5.544584753112642,0.0168601289600147,0.682,0.3,False
T4_TwoSitePFO,N3_add_0.03,B_uniform,16,3,500,0.584164948934534,5.728846082614004,0.037093243059544895,0.722,0.116,False
T4_TwoSitePFO,N3_add_0.03,B_uniform,24,0,500,0.02739939511961425,0.044692477295491646,-0.00222771340728435,0.892,0.97,True
T4_TwoSitePFO,N3_add_0.03,B_uniform,24,1,500,0.12276298231770995,2.0971658161490985,0.02445609063934245,0.92,0.886,True
T4_TwoSitePFO,N3_add_0.03,B_uniform,24,2,500,0.2350821851209663,5.016288016712822,0.02709495185244875,0.85,0.496,False
T4_TwoSitePFO,N3_add_0.03,B_uniform,24,3,500,0.4407468117285873,5.171009462322828,-0.02310389466038515,0.886,0.222,False
T4_TwoSitePFO,N3_add_0.03,B_uniform,40,0,500,0.022416669488787448,0.05874751094784207,0.0006585738241470501,0.924,0.998,True
T4_TwoSitePFO,N3_add_0.03,B_uniform,40,1,500,0.08161856194287684,0.19114070093570942,-0.00493811733368595,0.944,0.996,True
T4_TwoSitePFO,N3_add_0.03,B_uniform,40,2,500,0.18314406397730876,4.238814505592365,0.0042442290390926,0.884,0.626,False
T4_TwoSitePFO,N3_add_0.03,B_uniform,40,3,500,0.34099729641446386,4.359442822172515,-0.01391306167934345,0.908,0.38,False
T4_TwoSitePFO,N3_add_0.03,C_early,6,0,500,0.044234892128807046,0.08022086938506094,-0.00018314591082849998,0.842,0.994,True
T4_TwoSitePFO,N3_add_0.03,C_early,6,1,500,0.09543603032552825,0.15435258057964293,0.0089627674600675,0.836,0.98,True
T4_TwoSitePFO,N3_add_0.03,C_early,6,2,500,0.38447265205485637,7.056834363577263,0.08725278965898814,0.834,0.424,False
T4_TwoSitePFO,N3_add_0.03,C_early,6,3,500,0.8686704113190973,7.286652557284338,-0.0946240784276719,0.836,0.176,False
T4_TwoSitePFO,N3_add_0.03,C_early,8,0,500,0.03801932271353145,0.12116835068332663,-0.00294571340211795,0.896,0.982,True
T4_TwoSitePFO,N3_add_0.03,C_early,8,1,500,0.0937701123199314,0.2632995760967631,0.0031422141446685497,0.866,0.976,True
T4_TwoSitePFO,N3_add_0.03,C_early,8,2,500,0.380047071671078,6.743218787771504,0.0551146167566406,0.822,0.396,False
T4_TwoSitePFO,N3_add_0.03,C_early,8,3,500,0.7827734755578342,6.951111482227986,-0.0556265601590677,0.842,0.15,False
T4_TwoSitePFO,N3_add_0.03,C_early,12,0,500,0.03204090339728185,0.0954387322340261,-0.0066588354097762495,0.898,0.99,True
T4_TwoSitePFO,N3_add_0.03,C_early,12,1,500,0.07297039928103416,0.24569987517780872,0.01682648251798485,0.894,0.99,True
T4_TwoSitePFO,N3_add_0.03,C_early,12,2,500,0.3075931758408498,5.8796776050917225,0.03260886887784955,0.822,0.474,False
T4_TwoSitePFO,N3_add_0.03,C_early,12,3,500,0.5800914195859623,6.052807501667441,0.02319985717053715,0.832,0.174,False
T4_TwoSitePFO,N3_add_0.03,C_early,16,0,500,0.02668055983412935,0.09145647111964919,-0.0038350453114307003,0.92,0.988,True
T4_TwoSitePFO,N3_add_0.03,C_early,16,1,500,0.05781911036032155,0.14826799531417267,0.00334656768064795,0.914,0.986,True
T4_TwoSitePFO,N3_add_0.03,C_early,16,2,500,0.3143396543108906,5.600456119540631,-0.0031021777762551,0.838,0.428,False
T4_TwoSitePFO,N3_add_0.03,C_early,16,3,500,0.5391482354657158,5.75628499071406,0.01793631927893275,0.864,0.15,False
T4_TwoSitePFO,N3_add_0.03,C_early,24,0,500,0.0228697031603913,0.06823897734535701,-0.003810798527236,0.912,0.988,True
T4_TwoSitePFO,N3_add_0.03,C_early,24,1,500,0.04752769911443215,0.1835147320627563,0.00892419835190245,0.928,0.988,True
T4_TwoSitePFO,N3_add_0.03,C_early,24,2,500,0.27877021081208453,5.990021183512026,0.01430810022429705,0.84,0.504,False
T4_TwoSitePFO,N3_add_0.03,C_early,24,3,500,0.5120325704618058,6.130946660285967,0.015563820334181199,0.87,0.21,False
T4_TwoSitePFO,N3_add_0.03,C_early,40,0,500,0.0191535939682268,0.06183588768179939,7.972667074640505e-06,0.92,1.0,True
T4_TwoSitePFO,N3_add_0.03,C_early,40,1,500,0.03835174015232665,0.15316936309118465,0.00666753548246405,0.918,0.998,True
T4_TwoSitePFO,N3_add_0.03,C_early,40,2,500,0.266042934296552,5.057090720461569,0.03134575722022095,0.848,0.5,False
T4_TwoSitePFO,N3_add_0.03,C_early,40,3,500,0.4561274620513234,5.1834978858203975,-0.044198082780946654,0.872,0.294,False
T4_TwoSitePFO,N3_add_0.03,D_late,6,0,500,0.13408346132894183,2.6260942341638134,0.0715104846807946,0.346,0.2,False
T4_TwoSitePFO,N3_add_0.03,D_late,6,1,500,2.5562261739170946,65592.50373550183,1.2204229230908044,0.238,0.022,False
T4_TwoSitePFO,N3_add_0.03,D_late,6,2,500,7.2922691687043,8.00223718441381,7.146970710650118,0.366,0.002,False
T4_TwoSitePFO,N3_add_0.03,D_late,6,3,500,8.497449765240727,8.690133949270164,-8.497449765240727,0.38,0.0,False
T4_TwoSitePFO,N3_add_0.03,D_late,8,0,500,0.1203446662345259,1.8186509057487859,0.0595643964493687,0.356,0.272,False
T4_TwoSitePFO,N3_add_0.03,D_late,8,1,500,1.900033559874365,22808.411811421985,0.7513153507811494,0.24,0.03,False
T4_TwoSitePFO,N3_add_0.03,D_late,8,2,500,2.847724752264843,7.761706763634421,1.9973559881059213,0.408,0.006,False
T4_TwoSitePFO,N3_add_0.03,D_late,8,3,500,3.588318804862875,8.45053829589016,-3.486654576686628,0.412,0.004,False
T4_TwoSitePFO,N3_add_0.03,D_late,12,0,500,0.100321970163131,0.7128266580125658,0.0429990839409417,0.314,0.336,False
T4_TwoSitePFO,N3_add_0.03,D_late,12,1,500,1.7244621601257917,7512.266456408723,0.9097110542926097,0.228,0.08,False
T4_TwoSitePFO,N3_add_0.03,D_late,12,2,500,0.8064343340625331,7.73706850165984,0.7422170323460076,0.42,0.022,False
T4_TwoSitePFO,N3_add_0.03,D_late,12,3,500,1.826239565067607,8.196671416607053,-1.2095476559120866,0.42,0.0,False
T4_TwoSitePFO,N3_add_0.03,D_late,16,0,500,0.07671955162039285,0.5463665931279356,0.031231433180852704,0.364,0.37,False
T4_TwoSitePFO,N3_add_0.03,D_late,16,1,500,1.6829324873406204,4118.1659500031155,0.8532142550577531,0.268,0.1,False
T4_TwoSitePFO,N3_add_0.03,D_late,16,2,500,0.5649395330888334,6.970515728046447,0.4119160896073968,0.442,0.068,False
T4_TwoSitePFO,N3_add_0.03,D_late,16,3,500,1.265138358817694,7.39213478951374,-0.6347064667509272,0.444,0.002,False
T4_TwoSitePFO,N3_add_0.03,D_late,24,0,500,0.0537775055683135,0.6937234970281856,0.025556509105552648,0.35,0.438,False
T4_TwoSitePFO,N3_add_0.03,D_late,24,1,500,1.656794469854285,1518.2198243700595,1.4228560638103311,0.238,0.11,False
T4_TwoSitePFO,N3_add_0.03,D_late,24,2,500,0.4874803359290029,7.052147036995308,0.22869820860664059,0.416,0.076,False
T4_TwoSitePFO,N3_add_0.03,D_late,24,3,500,0.9109225656170441,7.35223591066588,-0.4433541631117523,0.428,0.014,False
T4_TwoSitePFO,N3_add_0.03,D_late,40,0,500,0.042281583959680596,0.10246889307658613,0.01628931267768155,0.412,0.484,False
T4_TwoSitePFO,N3_add_0.03,D_late,40,1,500,1.4663971954687485,434.16383364262794,1.0348372475766126,0.314,0.132,False
T4_TwoSitePFO,N3_add_0.03,D_late,40,2,500,0.26890045922920686,5.814483568261102,0.10741420762990886,0.454,0.152,False
T4_TwoSitePFO,N3_add_0.03,D_late,40,3,500,0.5655582164708064,6.012956893647463,-0.25266142630939425,0.472,0.028,False
T5_PSO+sqrt,N1_add_0.01,A_current,8,0,500,0.0249352956577044,0.03457290646606132,0.0025114474100968,0.866,0.984,True
T5_PSO+sqrt,N1_add_0.01,A_current,8,1,500,0.577911902435569,30.060288958861015,-0.062382731799751595,0.862,0.138,False
T5_PSO+sqrt,N1_add_0.01,A_current,8,2,500,0.0309989376509156,0.04502282419761749,-0.0027287328768154503,0.864,0.984,True
T5_PSO+sqrt,N1_add_0.01,B_uniform,6,0,500,0.03418439158628475,0.07515782472112913,0.01174525499277105,0.804,0.924,True
T5_PSO+sqrt,N1_add_0.01,B_uniform,6,1,500,2.106974761064353,90.42355586030571,0.0178813132571177,0.726,0.038,False
T5_PSO+sqrt,N1_add_0.01,B_uniform,6,2,500,0.0402992723712569,0.10273138940931664,-0.01548012907325705,0.814,0.922,True
T5_PSO+sqrt,N1_add_0.01,B_uniform,8,0,500,0.029719143287079197,0.05150362484262084,0.0046071954745298,0.834,0.952,True
T5_PSO+sqrt,N1_add_0.01,B_uniform,8,1,500,1.5852378995800698,82.51968146723716,0.0945924526452367,0.786,0.016,False
T5_PSO+sqrt,N1_add_0.01,B_uniform,8,2,500,0.036121697224533,0.06363206300986184,-0.006285318420995599,0.872,0.952,True
T5_PSO+sqrt,N1_add_0.01,B_uniform,12,0,500,0.02328106273760765,0.0367320337785835,0.00135379461940895,0.868,0.99,True
T5_PSO+sqrt,N1_add_0.01,B_uniform,12,1,500,0.8077412499027401,47.35419913257184,-0.04951375123535465,0.86,0.048,False
T5_PSO+sqrt,N1_add_0.01,B_uniform,12,2,500,0.027968833981095252,0.0448766758562565,0.00076512276668955,0.908,0.99,True
T5_PSO+sqrt,N1_add_0.01,B_uniform,16,0,500,0.0196429731535152,0.028560439749120488,-0.00048261583118605,0.91,0.992,True
T5_PSO+sqrt,N1_add_0.01,B_uniform,16,1,500,0.5521312522443621,36.77289798240185,0.0268520580152581,0.914,0.088,False
T5_PSO+sqrt,N1_add_0.01,B_uniform,16,2,500,0.024487672954938998,0.036840574260921355,-5.996156829546074e-05,0.924,0.992,True
T5_PSO+sqrt,N1_add_0.01,B_uniform,24,0,500,0.01496674597875065,0.021753448608204308,0.0006400115036302,0.922,1.0,True
T5_PSO+sqrt,N1_add_0.01,B_uniform,24,1,500,0.3309202190581505,10.06683943498373,-0.0324928294677502,0.916,0.334,False
T5_PSO+sqrt,N1_add_0.01,B_uniform,24,2,500,0.0179983443597089,0.027854741358948866,-0.001307569381993,0.922,1.0,True
T5_PSO+sqrt,N1_add_0.01,B_uniform,40,0,500,0.00958835344820435,0.01461994635153152,0.00093632858848485,0.932,1.0,True
T5_PSO+sqrt,N1_add_0.01,B_uniform,40,1,500,0.1727170066610884,1.0800743279153968,0.0034720327307941,0.924,0.756,False
T5_PSO+sqrt,N1_add_0.01,B_uniform,40,2,500,0.01269829215582715,0.01910287377026729,-0.00120770873308035,0.932,1.0,True
T5_PSO+sqrt,N2_prop_3pct,A_current,8,0,500,0.05388489964447895,0.08908845825445257,0.00261008070062595,0.88,0.968,True
T5_PSO+sqrt,N2_prop_3pct,A_current,8,1,500,1.476342032045216,42.596227140098165,0.1845183575592651,0.856,0.004,False
T5_PSO+sqrt,N2_prop_3pct,A_current,8,2,500,0.0764390021503425,0.1442162719521318,-0.0081547176795715,0.884,0.96,True
T5_PSO+sqrt,N2_prop_3pct,B_uniform,6,0,500,0.09569876800927621,0.19790084329789062,0.0400174154419334,0.802,0.746,False
T5_PSO+sqrt,N2_prop_3pct,B_uniform,6,1,500,4.183935349065152,114.57732627625342,0.6502399872423275,0.664,0.012,False
T5_PSO+sqrt,N2_prop_3pct,B_uniform,6,2,500,0.11606246051175326,0.9862929366496314,-0.059538982420435954,0.838,0.572,False
T5_PSO+sqrt,N2_prop_3pct,B_uniform,8,0,500,0.07710883187320415,0.15139227556710366,0.0296552574676678,0.854,0.918,True
T5_PSO+sqrt,N2_prop_3pct,B_uniform,8,1,500,2.993955486807063,85.64963623394291,0.09013676279906604,0.742,0.006,False
T5_PSO+sqrt,N2_prop_3pct,B_uniform,8,2,500,0.10032726299350385,0.26385420131542786,-0.04148390869061535,0.892,0.778,False
T5_PSO+sqrt,N2_prop_3pct,B_uniform,12,0,500,0.05888666129316135,0.09779027956047513,0.015804517032664653,0.89,0.964,True
T5_PSO+sqrt,N2_prop_3pct,B_uniform,12,1,500,2.0010527443911243,73.41245756413534,-0.13168391054052905,0.832,0.004,False
T5_PSO+sqrt,N2_prop_3pct,B_uniform,12,2,500,0.08418102200613585,0.14045936069250747,-0.02381394338120805,0.902,0.954,True
T5_PSO+sqrt,N2_prop_3pct,B_uniform,16,0,500,0.044082437366156246,0.07060138402729625,0.00131887344417445,0.914,0.986,True
T5_PSO+sqrt,N2_prop_3pct,B_uniform,16,1,500,1.426500337281241,77.86199681613147,0.2219278120548479,0.908,0.002,False
T5_PSO+sqrt,N2_prop_3pct,B_uniform,16,2,500,0.0597993438638433,0.10180027524326303,-0.00843283132983225,0.912,0.986,True
T5_PSO+sqrt,N2_prop_3pct,B_uniform,24,0,500,0.0374497484736189,0.05523839540817047,-0.0006649844271961,0.926,0.998,True
T5_PSO+sqrt,N2_prop_3pct,B_uniform,24,1,500,0.7492299012257051,41.11418504109976,-0.0308083365040711,0.938,0.002,False
T5_PSO+sqrt,N2_prop_3pct,B_uniform,24,2,500,0.0490859917073993,0.07584521111086817,-0.0022218281215189003,0.934,0.998,True
T5_PSO+sqrt,N2_prop_3pct,B_uniform,40,0,500,0.0252239489930385,0.0376418792182932,-0.00444105447724005,0.964,1.0,True
T5_PSO+sqrt,N2_prop_3pct,B_uniform,40,1,500,0.40494490286318874,12.412585864127175,0.0467341343776448,0.97,0.022,False
T5_PSO+sqrt,N2_prop_3pct,B_uniform,40,2,500,0.03642718355689385,0.05307051628892038,0.00478962850471325,0.956,1.0,True
T5_PSO+sqrt,N3_add_0.03,A_current,8,0,500,0.0516838090134783,0.08716685940137094,0.0150659343731632,0.88,0.978,True
T5_PSO+sqrt,N3_add_0.03,A_current,8,1,500,1.590527125716703,47.85076673031517,-0.0999335156187451,0.844,0.018,False
T5_PSO+sqrt,N3_add_0.03,A_current,8,2,500,0.0660559909863711,0.13169108486619774,-0.0196959289164315,0.898,0.972,True
T5_PSO+sqrt,N3_add_0.03,B_uniform,6,0,500,0.09590027810183391,0.20512906316416615,0.05211484459376805,0.804,0.77,False
T5_PSO+sqrt,N3_add_0.03,B_uniform,6,1,500,3.8058536598256483,80.05227092958282,-0.1381883678387851,0.674,0.018,False
T5_PSO+sqrt,N3_add_0.03,B_uniform,6,2,500,0.12326511370054224,1.5759035898852791,-0.0610664826671625,0.866,0.588,False
T5_PSO+sqrt,N3_add_0.03,B_uniform,8,0,500,0.07756578359173805,0.1464498167694561,0.0371222238934526,0.842,0.918,True
T5_PSO+sqrt,N3_add_0.03,B_uniform,8,1,500,3.012944997145814,94.98383098908718,-0.24975311738056272,0.756,0.006,False
T5_PSO+sqrt,N3_add_0.03,B_uniform,8,2,500,0.1071672638868674,0.7755135884895645,-0.05547124915003575,0.884,0.768,False
T5_PSO+sqrt,N3_add_0.03,B_uniform,12,0,500,0.05401540616536735,0.09409361237534485,0.024123062878887498,0.904,0.97,True
T5_PSO+sqrt,N3_add_0.03,B_uniform,12,1,500,2.0291458889343055,75.67336193115888,-0.0931897952894238,0.808,0.004,False
T5_PSO+sqrt,N3_add_0.03,B_uniform,12,2,500,0.0706146941522332,0.13961255743043952,-0.02703790320066595,0.936,0.96,True
T5_PSO+sqrt,N3_add_0.03,B_uniform,16,0,500,0.047580863499775805,0.07628229655757926,0.00900648426066585,0.908,0.994,True
T5_PSO+sqrt,N3_add_0.03,B_uniform,16,1,500,1.4622118438110634,80.19353929434608,0.0483533112454167,0.872,0.006,False
T5_PSO+sqrt,N3_add_0.03,B_uniform,16,2,500,0.06066659256149615,0.10339226602361089,-0.0115578731312604,0.932,0.994,True
T5_PSO+sqrt,N3_add_0.03,B_uniform,24,0,500,0.0369198602345494,0.05850670634755579,0.0033322244922809,0.946,0.996,True
T5_PSO+sqrt,N3_add_0.03,B_uniform,24,1,500,1.0341820049417256,57.6912433126442,0.0464223892690918,0.89,0.008,False
T5_PSO+sqrt,N3_add_0.03,B_uniform,24,2,500,0.046389188693588046,0.07931499673784038,-0.00673039723391585,0.948,0.996,True
T5_PSO+sqrt,N3_add_0.03,B_uniform,40,0,500,0.026795799996143198,0.03958259814661908,0.00140847060664735,0.94,1.0,True
T5_PSO+sqrt,N3_add_0.03,B_uniform,40,1,500,0.47851700827624666,26.083293686488293,-0.04256331210187775,0.91,0.062,False
T5_PSO+sqrt,N3_add_0.03,B_uniform,40,2,500,0.0359145014226396,0.05468986654691764,-0.0021712840447009997,0.944,1.0,True
T5_PSO+sqrt,N3_add_0.03,C_early,6,0,500,0.044968236978611895,0.07046697604971708,0.00076949728785315,0.852,0.998,True
T5_PSO+sqrt,N3_add_0.03,C_early,6,1,500,0.416355478117569,4.318067848957657,0.0199571305568026,0.872,0.264,False
T5_PSO+sqrt,N3_add_0.03,C_early,6,2,500,0.07352873826769565,0.10987654719606899,0.004038669988937401,0.846,0.998,True
T5_PSO+sqrt,N3_add_0.03,C_early,8,0,500,0.040576066509711003,0.060617719177017,0.00168026152339005,0.876,0.998,True
T5_PSO+sqrt,N3_add_0.03,C_early,8,1,500,0.3677831173902927,9.849602593801574,0.00702601791214765,0.9,0.24,False
T5_PSO+sqrt,N3_add_0.03,C_early,8,2,500,0.0617129117342156,0.09792113559024991,-0.00678399220154905,0.876,0.998,True
T5_PSO+sqrt,N3_add_0.03,C_early,12,0,500,0.036407146378689054,0.0539697658291758,0.0037233476722057504,0.912,1.0,True
T5_PSO+sqrt,N3_add_0.03,C_early,12,1,500,0.3043279987769171,6.820846306071469,-0.0082663912539253,0.922,0.31,False
T5_PSO+sqrt,N3_add_0.03,C_early,12,2,500,0.06008881266049055,0.09061195083531176,-0.0062543236912975,0.928,1.0,True
T5_PSO+sqrt,N3_add_0.03,C_early,16,0,500,0.03105609547970535,0.045192218225903094,0.0019732227884702,0.926,1.0,True
T5_PSO+sqrt,N3_add_0.03,C_early,16,1,500,0.3007078779153277,7.292160362513031,0.0203831250384088,0.952,0.332,False
T5_PSO+sqrt,N3_add_0.03,C_early,16,2,500,0.04815163497412285,0.07739681615437904,-0.00099250207925,0.92,1.0,True
T5_PSO+sqrt,N3_add_0.03,C_early,24,0,500,0.02630022088473985,0.03906683205416661,-0.0009962166107073999,0.946,1.0,True
T5_PSO+sqrt,N3_add_0.03,C_early,24,1,500,0.25049222575223884,2.0144368514327096,0.028115609833026398,0.958,0.538,False
T5_PSO+sqrt,N3_add_0.03,C_early,24,2,500,0.0429293158672434,0.06499505585539062,0.00554960838574265,0.936,1.0,True
T5_PSO+sqrt,N3_add_0.03,C_early,40,0,500,0.019391372022881,0.030224591301650738,-0.00082394843637105,0.948,1.0,True
T5_PSO+sqrt,N3_add_0.03,C_early,40,1,500,0.19750810621211767,5.760591353047153,0.0058268191963044,0.958,0.662,False
T5_PSO+sqrt,N3_add_0.03,C_early,40,2,500,0.03466476744081775,0.05174819120298726,-0.00096177146692295,0.938,1.0,True
T5_PSO+sqrt,N3_add_0.03,D_late,6,0,500,0.20164048690294714,0.45830504723082055,0.1462683969422196,0.728,0.5,False
T5_PSO+sqrt,N3_add_0.03,D_late,6,1,500,5.806237290376969,94.65452632471482,-1.7241967679722223,0.64,0.072,False
T5_PSO+sqrt,N3_add_0.03,D_late,6,2,500,0.2503663990000877,9.108040145290307,-0.20328960588084466,0.878,0.336,False
T5_PSO+sqrt,N3_add_0.03,D_late,8,0,500,0.1701856127946543,0.39658865895174295,0.10761928379719815,0.828,0.526,False
T5_PSO+sqrt,N3_add_0.03,D_late,8,1,500,6.200586217223942,109.58227019423693,-0.0830225453583034,0.686,0.044,False
T5_PSO+sqrt,N3_add_0.03,D_late,8,2,500,0.19132515644642661,6.781933630766772,-0.1455570761540945,0.912,0.43,False
T5_PSO+sqrt,N3_add_0.03,D_late,12,0,500,0.1197953230885192,0.29326837870899924,0.0701454490004513,0.914,0.586,False
T5_PSO+sqrt,N3_add_0.03,D_late,12,1,500,5.480130013810842,121.6347482947694,0.939558162054253,0.728,0.012,False
T5_PSO+sqrt,N3_add_0.03,D_late,12,2,500,0.1342320538167707,3.741445832860526,-0.0835972288361066,0.948,0.492,False
T5_PSO+sqrt,N3_add_0.03,D_late,16,0,500,0.0914651157254949,0.2361610462703958,0.05203397053915995,0.934,0.808,True
T5_PSO+sqrt,N3_add_0.03,D_late,16,1,500,5.299567066644542,138.13856356427232,1.2233468578676359,0.774,0.004,False
T5_PSO+sqrt,N3_add_0.03,D_late,16,2,500,0.10379564266072334,2.313409148021826,-0.06041363429897535,0.97,0.6,False
T5_PSO+sqrt,N3_add_0.03,D_late,24,0,500,0.07143218479024725,0.17861581332791576,0.039559744091934246,0.938,1.0,True
T5_PSO+sqrt,N3_add_0.03,D_late,24,1,500,4.332333312435271,144.95209254698526,0.0483794058791148,0.796,0.0,False
T5_PSO+sqrt,N3_add_0.03,D_late,24,2,500,0.0870475184167822,0.2751255389989565,-0.05441288043098595,0.976,0.836,True
T5_PSO+sqrt,N3_add_0.03,D_late,40,0,500,0.0523942666204183,0.10547504623602999,0.02949560380393005,0.944,1.0,True
T5_PSO+sqrt,N3_add_0.03,D_late,40,1,500,2.7847319286239793,124.38972359051736,-0.2357972759206668,0.804,0.0,False
T5_PSO+sqrt,N3_add_0.03,D_late,40,2,500,0.06001960718322705,0.14162451188947509,-0.0362940878244797,0.962,0.996,True
