truth,noise,placement,n,M0_interp,M0_early,M0_late,M0_extrap,M1_interp,M1_early,M1_late,M1_extrap
T1_PSO,N1_add_0.01,A_current,8,0.0037061054758757003,0.004322467393932,0.003160704254833,0.0037888475288124,0.00379930314659875,0.004504909721212249,0.00331562313413735,0.0039258193334113
T1_PSO,N1_add_0.01,B_uniform,4,0.0082848746389684,0.014434233923166201,0.004034350120223899,0.0051117564823212995,0.0111263362402482,0.0238022672844756,0.00498063554417375,0.0079196784430695
T1_PSO,N1_add_0.01,B_uniform,6,0.0059789264300959,0.00978318052267875,0.00328878774321335,0.00400653643712505,0.0063616772817360005,0.0104483112795319,0.00361170809079235,0.00445028939372605
T1_PSO,N1_add_0.01,B_uniform,8,0.0047104810765953,0.007315158532027,0.0030717687717715996,0.0035341363037703,0.004882148029411049,0.0077912060584239,0.00322415269439995,0.0039187929107786
T1_PSO,N1_add_0.01,B_uniform,12,0.00358799889894935,0.0051537452762198,0.0025650751415404504,0.00304021090766765,0.00375569695861195,0.00556764671210915,0.00279935892035705,0.0032686218923381498
T1_PSO,N1_add_0.01,B_uniform,16,0.00310494871116725,0.00457605602533275,0.00228992679590625,0.00265045244174975,0.0035164637324846502,0.00529686740449875,0.0024404266302536504,0.0030840136503868503
T1_PSO,N1_add_0.01,B_uniform,24,0.0023936370224163,0.0031636238537984997,0.0016759510453789,0.00190179227524945,0.00273870010508925,0.00388290204318335,0.00196762970154465,0.00229433352027705
T1_PSO,N1_add_0.01,B_uniform,40,0.0018384695684536,0.0027085491247374,0.0013095760079553,0.0015594005961256001,0.00207968698786465,0.0031663564834271503,0.00159274028949225,0.0018391259354812
T1_PSO,N2_prop_3pct,A_current,8,0.010868686305385799,0.010890006720800802,0.010965945532498,0.0125399576829502,0.0112243432864485,0.01159958583087375,0.01153918177279355,0.0131279608440991
T1_PSO,N2_prop_3pct,B_uniform,4,0.02753167018385905,0.052408651663594555,0.0154606218208936,0.01868885024141645,0.0670489637458869,0.17914961341268304,0.01592385183795715,0.026834680318152053
T1_PSO,N2_prop_3pct,B_uniform,6,0.0165849725452116,0.0259132772815487,0.0109501794803686,0.0132148325697549,0.035461107297020844,0.0731922100883006,0.013948885484781251,0.023637810096093052
T1_PSO,N2_prop_3pct,B_uniform,8,0.01341029663760085,0.0205495112967209,0.0104256387376221,0.012030805758855151,0.01841576918122865,0.03218259515356195,0.01223780685515495,0.017154726464772098
T1_PSO,N2_prop_3pct,B_uniform,12,0.010330850024628802,0.01342374362604785,0.00855754759072045,0.009166847640087551,0.011035631074184551,0.0157540868248484,0.00935429246846075,0.01087339589314705
T1_PSO,N2_prop_3pct,B_uniform,16,0.009095856447737399,0.01156091275476345,0.007365120379520701,0.0085010907658844,0.0098509474442375,0.0126384753785456,0.00804534062881625,0.0094208542049336
T1_PSO,N2_prop_3pct,B_uniform,24,0.00686655098659575,0.0073536763568614,0.0054997440985396,0.0061967152518319,0.0074616597983849006,0.0079957176706855,0.00603682568042475,0.0068264493282102
T1_PSO,N2_prop_3pct,B_uniform,40,0.00518316541157955,0.005933997300912449,0.0043988860585715,0.004726063437483,0.00556164319764915,0.0063572895897498,0.00502630559404115,0.0056852599569253
T1_PSO,N3_add_0.03,A_current,8,0.0125227879757434,0.01366028859436055,0.01140515715364465,0.01258011350682065,0.013220482680984101,0.01476334634314465,0.0121098357718316,0.01377318841528925
T1_PSO,N3_add_0.03,B_uniform,4,0.0260055770117385,0.049425823192882856,0.013800848125687649,0.01760746651729325,0.06613996061703455,0.1778698123223053,0.014346408213610249,0.02616508962847755
T1_PSO,N3_add_0.03,B_uniform,6,0.0174069649510973,0.0297354007736201,0.01048740225793065,0.0129711239707717,0.0388207389799487,0.0884043877475483,0.013193337832991401,0.024278428428205698
T1_PSO,N3_add_0.03,B_uniform,8,0.01433226184475175,0.023683031124871752,0.0083665841581331,0.00995145966332585,0.0212726694657808,0.04087816522672865,0.010401552653599998,0.01676814142585285
T1_PSO,N3_add_0.03,B_uniform,12,0.011391178864978101,0.01718679277989285,0.0076448954972054995,0.008934181182958599,0.012864284864559199,0.0206681819275953,0.008892664709761348,0.01083703007750185
T1_PSO,N3_add_0.03,B_uniform,16,0.008990173775253501,0.012699687044093001,0.0064021633514592,0.0070331709177568,0.010194520490734101,0.0143581090246119,0.0071377391492303995,0.008298463564102649
T1_PSO,N3_add_0.03,B_uniform,24,0.0073079766029533,0.0100152363712514,0.0051851742681117505,0.0059434102989735504,0.008616311885325849,0.011962909568868151,0.0057173332233182005,0.00721390178087335
T1_PSO,N3_add_0.03,B_uniform,40,0.0056745675797125,0.008395970622772302,0.004132654844331399,0.0048359489112599005,0.0064258175756095,0.010233880820601799,0.00460750337313305,0.005517985258322949
T1_PSO,N3_add_0.03,C_early,4,0.01699860602060265,0.01509480778997495,0.01651995968565895,0.0178951557317732,0.0174758584401751,0.015562436524446499,0.017649005880102347,0.0187311919710242
T1_PSO,N3_add_0.03,C_early,6,0.01342067407692055,0.0121699327619215,0.0138592772586392,0.01543735495062655,0.013700549224343099,0.01238843661767035,0.01449866723217365,0.016249847961013753
T1_PSO,N3_add_0.03,C_early,8,0.012209748730453749,0.0096391227269433,0.0133888993305081,0.01441707983057615,0.01351815663946455,0.0104949978901984,0.0145134040187259,0.015779733812062602
T1_PSO,N3_add_0.03,C_early,12,0.00972161878887155,0.00745508214754865,0.0104269694390555,0.011291403387412049,0.01112245158242265,0.0085990014741196,0.0116258322597594,0.012549227377466301
T1_PSO,N3_add_0.03,C_early,16,0.00847872512689885,0.00645122126661155,0.0088408374404083,0.0096396660670938,0.0101606195896474,0.0076783922458067005,0.0104028970787245,0.0116699003391292
T1_PSO,N3_add_0.03,C_early,24,0.0075006850830657504,0.0058434737709238006,0.008210210331973701,0.00866428968470525,0.008723513421791299,0.0069911903044986,0.009328427235664051,0.01051713086586635
T1_PSO,N3_add_0.03,C_early,40,0.005711853596219349,0.00446169659385665,0.00604998519336595,0.006465265788984599,0.006405174511454699,0.0052957038187831495,0.0066757382076229,0.0074228450093407495
T1_PSO,N3_add_0.03,D_late,4,0.0549938121952083,0.11930533978445296,0.01249267409519475,0.019425912963528948,0.11423638114850529,0.2772357249456441,0.01258070599623,0.022566665955815
T1_PSO,N3_add_0.03,D_late,6,0.03732481422648015,0.0836419643955073,0.010057404982759099,0.01612603410596125,0.09692563083955094,0.25249473708405856,0.01026352002096425,0.0202811758395104
T1_PSO,N3_add_0.03,D_late,8,0.0270161695289617,0.0563675766197451,0.008765277088797901,0.01268908064507715,0.09103649574155706,0.23373096212799,0.0094960590788613,0.019250865953384502
T1_PSO,N3_add_0.03,D_late,12,0.021840172124023498,0.0456071142061817,0.0072625770501266,0.0107447000060488,0.0766303284887214,0.2016726139464789,0.008116961240687351,0.01959885068418915
T1_PSO,N3_add_0.03,D_late,16,0.01539880877541025,0.03155592311720425,0.00601719917472075,0.00797426092255,0.06460958248122894,0.1715881101509633,0.0073798377784056,0.016127965606403102
T1_PSO,N3_add_0.03,D_late,24,0.01263878177172265,0.0260734197156179,0.00526393349252475,0.0070016069162849495,0.02334631477492195,0.05161678046074235,0.00613510894594615,0.01170505236478085
T1_PSO,N3_add_0.03,D_late,40,0.0095448047562609,0.0199531430356747,0.0041834106646930005,0.0056121515974733496,0.0121518619346098,0.025566194876564148,0.0048693957543592,0.007566861237997101
T2_PFO,N1_add_0.01,A_current,8,0.00378214873009365,0.0041513949243887,0.00301914422025005,0.00304586568764175,0.0038034494588249,0.0042161210764539,0.00301914422025005,0.00304586568764175
T2_PFO,N1_add_0.01,B_uniform,4,0.01115418223664745,0.022993860052634853,0.0037873907082435496,0.00381942999917525,0.02147776866209125,0.05252925543924885,0.0042289065564738,0.00481180387845085
T2_PFO,N1_add_0.01,B_uniform,6,0.00619886316029975,0.011336336146393,0.0028588891882574,0.00286713361378225,0.00672924211999195,0.01228484535561455,0.0030960167791881004,0.00325463453187095
T2_PFO,N1_add_0.01,B_uniform,8,0.0046078980485614995,0.00675121711204485,0.00288361723177255,0.0028889410584302,0.00464114272685965,0.00688489026123815,0.0030060182645771,0.00300049625647805
T2_PFO,N1_add_0.01,B_uniform,12,0.0033269078514245503,0.0048139418525269,0.00203624688213375,0.0020339697579194,0.0033401947402800503,0.00498572463683495,0.0020660329854394,0.0020954392452011998
T2_PFO,N1_add_0.01,B_uniform,16,0.00295063691150005,0.00415078926032595,0.0019056785249265,0.0019032985862062,0.0030365958064011503,0.0043147091227789,0.0019451048957579002,0.0019409602253177
T2_PFO,N1_add_0.01,B_uniform,24,0.0023021225381215,0.003133588968271,0.00161136762483725,0.00161200114223485,0.0023353250787615,0.0032288075812797997,0.0016882149049714502,0.0016919824287309
T2_PFO,N1_add_0.01,B_uniform,40,0.001891055992461,0.0027077078061607,0.00124895325616925,0.001254194608932,0.001942128113895,0.00278644317479105,0.00128746125681575,0.00128746901133245
T2_PFO,N2_prop_3pct,A_current,8,0.0102187443922237,0.0100879617174647,0.009548613021412699,0.009546639140433799,0.01066989125593025,0.0104033702934578,0.00986905458318065,0.00990372441429305
T2_PFO,N2_prop_3pct,B_uniform,4,0.037360447487029505,0.07769508152762811,0.01256819679524245,0.01256611912094115,0.07297223474975335,0.19672343545155413,0.01285604459152605,0.01552819170435135
T2_PFO,N2_prop_3pct,B_uniform,6,0.0188040043920239,0.0291101884892492,0.0100439979858329,0.0101005504634011,0.025710503129182848,0.049308385344046746,0.0114457861155413,0.01335606838521395
T2_PFO,N2_prop_3pct,B_uniform,8,0.0130337402553629,0.018744419617334,0.00799943799910785,0.0080051085658122,0.015476460518266899,0.0242510469763417,0.009359491371525551,0.01012104574571885
T2_PFO,N2_prop_3pct,B_uniform,12,0.0092469261065123,0.01109897778190275,0.0063685928245287,0.006364479234552601,0.00967792891224495,0.0116995680236629,0.00695375667324955,0.0071995174044511
T2_PFO,N2_prop_3pct,B_uniform,16,0.0079396995210812,0.0098465871058197,0.005721279686147751,0.0057221370058651005,0.0082591216902558,0.00994596482406615,0.00605582135115745,0.006016274191096399
T2_PFO,N2_prop_3pct,B_uniform,24,0.0061320680586535,0.00706529730494385,0.0046590394782982,0.0046539995498614,0.0064488106597763,0.00734049490736865,0.004871105658868551,0.0048713501351409
T2_PFO,N2_prop_3pct,B_uniform,40,0.0052979162719867,0.00598686997181605,0.0041726022039504,0.0041727595354814,0.0053648926609500495,0.0059911521794707,0.00423561538619085,0.0042347518631157995
T2_PFO,N3_add_0.03,A_current,8,0.0114414717264361,0.0135580208376957,0.00956472271830235,0.0095868751417942,0.0115992298742886,0.01449190120001855,0.0096218130509983,0.00987609182156895
T2_PFO,N3_add_0.03,B_uniform,4,0.0351333224885046,0.07186257684665284,0.011383493692519949,0.01141752570701,0.06717473019810935,0.1729011593225403,0.011917048762635201,0.01383194812502715
T2_PFO,N3_add_0.03,B_uniform,6,0.01821390078341975,0.030211583815889,0.009782701260397049,0.0098203954495577,0.02351734454477165,0.0445114011535956,0.01059580880141385,0.01183168978554195
T2_PFO,N3_add_0.03,B_uniform,8,0.0136186802513687,0.02209800674939065,0.00791277824675175,0.007916036133153,0.0168486418697801,0.0281269491650262,0.009405948053730899,0.010119752237284
T2_PFO,N3_add_0.03,B_uniform,12,0.0104166197681595,0.0156906706730335,0.0067089464231950505,0.00669235916221775,0.01089010016334395,0.0168219165331947,0.0073546988258977,0.00741242465096695
T2_PFO,N3_add_0.03,B_uniform,16,0.00844613379392615,0.011113301845572049,0.00594261533526365,0.00596061585328065,0.0087276936492326,0.0113723145231844,0.0060261143426121,0.006034863327464449
T2_PFO,N3_add_0.03,B_uniform,24,0.00705239315851355,0.01026449099924105,0.0047445923186205,0.0047716915328138,0.0071850965500308,0.0103835320597036,0.00484520815345375,0.00485600641445875
T2_PFO,N3_add_0.03,B_uniform,40,0.00554713763785965,0.008065933831218751,0.0032182109533112,0.00324861306495775,0.00573877736771295,0.00830442982657775,0.0033522091888565503,0.0033906598621341504
T2_PFO,N3_add_0.03,C_early,4,0.01766403024765685,0.01569456712650275,0.016694951618998047,0.0166931891782751,0.0183734516726802,0.016259318851802,0.0168757258685771,0.017415833917447297
T2_PFO,N3_add_0.03,C_early,6,0.0143752407321808,0.01216316040602715,0.0138194901370438,0.0138193393453,0.0145627267558646,0.0124122244582262,0.01399433852715715,0.014023247932026351
T2_PFO,N3_add_0.03,C_early,8,0.012113266480612051,0.01031123417714055,0.0116690217039522,0.011668216457285,0.01222010927242005,0.010358906169239901,0.0118859098938139,0.0119781316383803
T2_PFO,N3_add_0.03,C_early,12,0.009751609443810101,0.008140992710204149,0.009527275726628301,0.00957960190307185,0.009903419906124051,0.00821261001317745,0.009661846105443801,0.0096559320936029
T2_PFO,N3_add_0.03,C_early,16,0.0088812568173545,0.00721851653674215,0.0086656449610619,0.00866568507305755,0.00923211617287365,0.0074728233093515496,0.0090067187380543,0.0090078374715745
T2_PFO,N3_add_0.03,C_early,24,0.0068576154071545,0.0054196072609978,0.0067137996260191995,0.006734768094021499,0.0071503235695110495,0.005727278955686799,0.0070017874248010994,0.0070086149783549
T2_PFO,N3_add_0.03,C_early,40,0.005630679415195501,0.005067422202823749,0.0054440028528457,0.0054438768320758495,0.00584277521751635,0.00511946438823875,0.00556971013957645,0.0055672604927517
T2_PFO,N3_add_0.03,D_late,4,0.14405471951892523,0.3401507591258677,0.011038460834092,0.012112085643916099,0.15220890176492616,0.4161430982940364,0.01148652822291785,0.0150268201551997
T2_PFO,N3_add_0.03,D_late,6,0.1104061202869335,0.2494191738878872,0.008532323862438601,0.008817948609786,0.13916063495634606,0.39510506590906225,0.00897799368175745,0.0112173649859466
T2_PFO,N3_add_0.03,D_late,8,0.0896158188306639,0.20280488615642284,0.00680597706794735,0.00681808622836505,0.1379679960127425,0.4079153991592301,0.00718858055416535,0.00842085010798215
T2_PFO,N3_add_0.03,D_late,12,0.04351045614383295,0.10106604974594595,0.00636435831781775,0.0063112231130373,0.08737678770541835,0.2272019212277222,0.007020555386422701,0.0081491514706827
T2_PFO,N3_add_0.03,D_late,16,0.027651218044084103,0.06259370915960945,0.00531154743690065,0.0055385542860444,0.0554607059388197,0.13632917047026694,0.0055366865653328,0.007044186622743
T2_PFO,N3_add_0.03,D_late,24,0.01797422821791955,0.03788213581843845,0.00456519868896555,0.0045653513710837,0.02775718599114895,0.063234246482737,0.0053289508931968505,0.0062001712285592
T2_PFO,N3_add_0.03,D_late,40,0.01141237000738415,0.02447902426367005,0.0036276366299068004,0.0036192799623084,0.0139491168585675,0.0301922818281566,0.00399149159188065,0.0044259116300148
T3_Elovich,N1_add_0.01,A_current,8,0.00396440619730875,0.00541018158945065,0.00340739695620905,0.00448218379846565,0.00431373873505505,0.0063606538175517,0.00372018573957455,0.0052484376338554
T3_Elovich,N1_add_0.01,B_uniform,4,0.0082983474226962,0.0163407972224502,0.0045734865338349,0.006840911195062501,0.009563899007516901,0.019664646033815,0.005223036863183201,0.008499891293516
T3_Elovich,N1_add_0.01,B_uniform,6,0.0062242568054437005,0.012079701818582249,0.00343176959538545,0.00528630967404895,0.00670793228070325,0.01283102731475715,0.00371312589817655,0.00562942345298825
T3_Elovich,N1_add_0.01,B_uniform,8,0.005261742253963,0.008265698596651501,0.0035796959045767502,0.0048284024405759,0.00549576530062105,0.00887524181681125,0.0036313431441146,0.0049970468431058505
T3_Elovich,N1_add_0.01,B_uniform,12,0.0035768163041875996,0.0057209933665428,0.00265404476955195,0.0038008282095816004,0.00433709802700245,0.00794595721936215,0.0031141813428253,0.0045257298639676
T3_Elovich,N1_add_0.01,B_uniform,16,0.0033433699000778,0.00516938436662555,0.0024604805638896,0.0032230554776756,0.00373843548950135,0.00629293407464945,0.00279395206959015,0.0039402857186067
T3_Elovich,N1_add_0.01,B_uniform,24,0.0024796379795283003,0.0035173469018514,0.00183589138932605,0.00246521938261175,0.00278453255455995,0.0043943830227057504,0.00213421201395405,0.0028314848408053
T3_Elovich,N1_add_0.01,B_uniform,40,0.00190455636308645,0.0029051075927833004,0.0014117958005748,0.0018723536368601,0.0019647305068800002,0.0031992240109771,0.0014491892372005002,0.00206830569531
T3_Elovich,N2_prop_3pct,A_current,8,0.01211576515097495,0.0130815298719199,0.01230852018764675,0.0154541281871712,0.0131962525687189,0.014349627289502249,0.01304221598498795,0.016754730529546
T3_Elovich,N2_prop_3pct,B_uniform,4,0.0243286401310465,0.0451478599247431,0.0140381467049913,0.0226063679356036,0.038313418494979545,0.08269438274891044,0.015865085767256502,0.03116925986478985
T3_Elovich,N2_prop_3pct,B_uniform,6,0.017622408864493948,0.03061651900791615,0.0126780457881264,0.0174160752776772,0.021699576704678702,0.042482628780866394,0.0136687058596734,0.023308476167034152
T3_Elovich,N2_prop_3pct,B_uniform,8,0.0143562664353253,0.0236687289877867,0.011065809780434501,0.01470854059810885,0.01636655090372845,0.0275645983714753,0.01187462402576645,0.0189755025580511
T3_Elovich,N2_prop_3pct,B_uniform,12,0.0108496374047026,0.0164049559125847,0.0087772234852496,0.0114482313871613,0.0116979458405723,0.0179136916129678,0.00926591122201155,0.012360001012244552
T3_Elovich,N2_prop_3pct,B_uniform,16,0.00906965491318585,0.01312229747997555,0.00736868669251185,0.01030595630503885,0.0096873312287268,0.01433214838474925,0.00795752751588385,0.0117457880211084
T3_Elovich,N2_prop_3pct,B_uniform,24,0.0068822010003524,0.00960887844706415,0.0057972378890101,0.0073380201286717,0.0076207362887246,0.01150281094072045,0.00641743837958405,0.008679596843601249
T3_Elovich,N2_prop_3pct,B_uniform,40,0.00504133620519275,0.00653276621661405,0.0044846683657047,0.0057946220620879,0.0057722967625328005,0.0085315740723823,0.005052499288136151,0.00674696807181
T3_Elovich,N3_add_0.03,A_current,8,0.01154983006587965,0.01497649893650725,0.00950888798350965,0.012497998650818049,0.01282599360042765,0.01799299903331645,0.010665000017501449,0.01489250372216265
T3_Elovich,N3_add_0.03,B_uniform,4,0.02399028694298215,0.047183162844038354,0.01355623961314835,0.02034157368041085,0.0389737278695618,0.08716235452607465,0.0152466834591729,0.0296305893960684
T3_Elovich,N3_add_0.03,B_uniform,6,0.0179687949923454,0.032904869906938694,0.01112880565110765,0.01596246835638565,0.02297589566513185,0.047279378729886204,0.011831849457746301,0.0212990058828036
T3_Elovich,N3_add_0.03,B_uniform,8,0.015835934867480653,0.0287236174122014,0.0108480751703261,0.01558460071148785,0.0189525224383165,0.036559855066824146,0.0110888930455692,0.0195816498867895
T3_Elovich,N3_add_0.03,B_uniform,12,0.01154049193624495,0.019268848529966,0.00807709205897165,0.01123456777012405,0.0131531421024167,0.0240744382360671,0.0094167104152651,0.0136562940841746
T3_Elovich,N3_add_0.03,B_uniform,16,0.0098912863023183,0.01552477292501655,0.0073842340632119495,0.009823994964419599,0.011427607359854399,0.0184185028251381,0.008296404059078749,0.012393639498423651
T3_Elovich,N3_add_0.03,B_uniform,24,0.00769757738754495,0.01135477391447315,0.005384837351132999,0.00754135334572885,0.009684344345289649,0.01644711545188145,0.0063309182076148,0.01017528249366545
T3_Elovich,N3_add_0.03,B_uniform,40,0.00540512410580565,0.00861253024012595,0.00426125102448,0.00581670600175975,0.0064971870722866,0.010957312679985249,0.004651785094209699,0.00696634985184065
T3_Elovich,N3_add_0.03,C_early,4,0.01482303697939135,0.0120558995071207,0.0162682727543442,0.0185917254513985,0.0148375994824377,0.01221953443963815,0.01637260467280275,0.01861406228388075
T3_Elovich,N3_add_0.03,C_early,6,0.0128533127022409,0.0115077808670684,0.01385858468326515,0.01668571561487965,0.01381414088546825,0.0121331185864615,0.01414307094640705,0.017804765410982602
T3_Elovich,N3_add_0.03,C_early,8,0.01217205778137,0.010258898752091149,0.013556753773890751,0.01538320486662545,0.01357209368071715,0.01219931610754525,0.0137484801464375,0.01711628072078475
T3_Elovich,N3_add_0.03,C_early,12,0.00972311137410925,0.00800302848864705,0.01043082443968865,0.01287350902208775,0.01123411807701805,0.00949624209183225,0.01151043812818225,0.014971408861707301
T3_Elovich,N3_add_0.03,C_early,16,0.008241275645279801,0.00718264607556175,0.008816287160370799,0.010792520271842049,0.01014258458187995,0.00911062434060525,0.01017456700448025,0.013311476829583599
T3_Elovich,N3_add_0.03,C_early,24,0.00663412404786155,0.0055713072502621,0.0074583112747700995,0.0086264836013301,0.0080856578063553,0.00676483977868775,0.0086443088052344,0.01103295208127065
T3_Elovich,N3_add_0.03,C_early,40,0.0054061825500889005,0.0046237650636972005,0.0059091563809206,0.00688815955511235,0.0061852022841024,0.0054836867219338,0.00696489302130615,0.00846572423305785
T3_Elovich,N3_add_0.03,D_late,4,0.04429958846456665,0.1017937507279237,0.0124856581611715,0.02553440817161165,0.0871757236450897,0.2077097582830765,0.01308377926908185,0.035608938346884056
T3_Elovich,N3_add_0.03,D_late,6,0.0305561425649307,0.07027443085537124,0.01079518851683565,0.021154008808937898,0.061843514119717655,0.1487698331442521,0.0120166195035626,0.02896993974229655
T3_Elovich,N3_add_0.03,D_late,8,0.02453589542074215,0.0549573484163388,0.009209230563415851,0.0175995460641203,0.04268619276859515,0.1041247233863225,0.0106041381014749,0.025604401165797
T3_Elovich,N3_add_0.03,D_late,12,0.0187357722893954,0.042170127908567306,0.007865087828923,0.01380714443117075,0.029057172387448,0.0693282471262246,0.008449207000551951,0.0203883225745881
T3_Elovich,N3_add_0.03,D_late,16,0.015450092307087899,0.032341278638184354,0.0068040038956031,0.01134855082776615,0.025644114483245398,0.05912865623173415,0.00763745519106795,0.01855480101116165
T3_Elovich,N3_add_0.03,D_late,24,0.01258384923258825,0.026828574409002853,0.0052518594727083,0.008649317488122199,0.01708712031465235,0.0401302516150097,0.0062594270040854,0.0140131881155698
T3_Elovich,N3_add_0.03,D_late,40,0.008518386661946101,0.01781858259229465,0.00427601729011245,0.00660540443735215,0.011050099009398299,0.0240745751538009,0.00476048932195095,0.00814481761007715
T4_TwoSitePFO,N1_add_0.01,A_current,8,0.00659704078464895,0.0098378982752475,0.00430718631219905,0.01596368701140315,0.0262381084418721,0.07429827673767014,0.0053273538754113,0.0227479987010013
T4_TwoSitePFO,N1_add_0.01,B_uniform,4,,,,,0.0397300562631156,0.10824505024282935,0.0076779655369225,0.03339209828211855
T4_TwoSitePFO,N1_add_0.01,B_uniform,6,0.05301308774582385,0.15794167677989496,0.0047865749838692,0.021299556964846,0.038049257043867246,0.11326682088221565,0.00658702274944395,0.02903851043865205
T4_TwoSitePFO,N1_add_0.01,B_uniform,8,0.027597720547087652,0.0789274807416526,0.004259556268645151,0.017524217344485747,0.0487038595487789,0.1524756128560052,0.00482736170509885,0.02279648738733215
T4_TwoSitePFO,N1_add_0.01,B_uniform,12,0.0085154438405231,0.02009023209226405,0.0035797327242406496,0.0133661449486034,0.0371136436241194,0.1103358426045743,0.0040034209347747495,0.0157947864511421
T4_TwoSitePFO,N1_add_0.01,B_uniform,16,0.005643488969249049,0.0108367101376048,0.00312091169795255,0.0144011501584458,0.00832251777182185,0.020275264413427398,0.0031438859133201,0.016019579378091398
T4_TwoSitePFO,N1_add_0.01,B_uniform,24,0.0040320684029464,0.0064804993883272,0.00277064123618715,0.0121845980659016,0.00417042721469685,0.00674889699334765,0.00291330315209675,0.01341327697702175
T4_TwoSitePFO,N1_add_0.01,B_uniform,40,0.00293452688984395,0.00416040666062345,0.00221062260264635,0.00869522579678355,0.002936458864699,0.00416167117695255,0.0022150710872542003,0.008832395419355949
T4_TwoSitePFO,N2_prop_3pct,A_current,8,0.0192867796749766,0.023950498555584947,0.01537735654345165,0.04515672362744805,0.03822460812537805,0.09570579558990105,0.01593400915059845,0.0466354407238908
T4_TwoSitePFO,N2_prop_3pct,B_uniform,4,,,,,0.0484532815018045,0.1250853214849707,0.01571333491646025,0.0442470758130282
T4_TwoSitePFO,N2_prop_3pct,B_uniform,6,0.058793998101021205,0.1685934765497136,0.01425003553278155,0.0478821780425876,0.038105524616346295,0.09419556182552395,0.015400578629761349,0.05059662549970455
T4_TwoSitePFO,N2_prop_3pct,B_uniform,8,0.0499446618579989,0.14256465266101198,0.0131968763710845,0.0455096727489394,0.0384487873093079,0.09978705779278074,0.01444202694495615,0.04611553397382035
T4_TwoSitePFO,N2_prop_3pct,B_uniform,12,0.023356986619975748,0.04851942109963135,0.0116327379490893,0.04133026829273285,0.04028879111784335,0.11914660977681896,0.0115041978377272,0.0379646192897296
T4_TwoSitePFO,N2_prop_3pct,B_uniform,16,0.014682921733172899,0.0244128612390554,0.00978979468030675,0.039322101104694,0.03554293331580895,0.1009583614523124,0.0096441899974403,0.0331034102837606
T4_TwoSitePFO,N2_prop_3pct,B_uniform,24,0.0109795637479068,0.0148867778332332,0.0085812564692816,0.0324141910631598,0.0169772687087874,0.0311912504413064,0.00905417548013035,0.034369630082637104
T4_TwoSitePFO,N2_prop_3pct,B_uniform,40,0.00747695434463,0.0085967395563848,0.0064919316710157,0.02434046470461505,0.0079620698372901,0.00964006394068355,0.00679219530406475,0.0258533139806831
T4_TwoSitePFO,N3_add_0.03,A_current,8,0.01964882709803735,0.030748584558749202,0.01310633251007115,0.04437730203711835,0.03720083386193265,0.09131204620744646,0.01391260608645115,0.04548854398258825
T4_TwoSitePFO,N3_add_0.03,B_uniform,4,,,,,0.052238514780871353,0.1303576102046364,0.01554949063183425,0.0400907102262769
T4_TwoSitePFO,N3_add_0.03,B_uniform,6,0.06138733819230355,0.176561387315879,0.01200278217847335,0.041042937547193445,0.03950896069609995,0.1000942274831629,0.0152752866349455,0.04592516458435145
T4_TwoSitePFO,N3_add_0.03,B_uniform,8,0.0519453134127852,0.15045808752874715,0.01096182008553565,0.0416238583258977,0.03818803586547805,0.10038613029133306,0.013269552301463101,0.0430234618324585
T4_TwoSitePFO,N3_add_0.03,B_uniform,12,0.027655189346623053,0.068453081207523,0.01010646517973635,0.04067173893766775,0.04134732271304125,0.12326116262885514,0.01060791556337835,0.0366421682633077
T4_TwoSitePFO,N3_add_0.03,B_uniform,16,0.01740784762042665,0.03522484767429685,0.009699563818373499,0.03743506445637385,0.0365050435952437,0.1030461558559167,0.0098374146094959,0.03369212322379535
T4_TwoSitePFO,N3_add_0.03,B_uniform,24,0.0119664841913447,0.018502070557299098,0.0075623812650724,0.0284591354801689,0.018709073188068248,0.042808613035548254,0.0077843994735609,0.0319508747262219
T4_TwoSitePFO,N3_add_0.03,B_uniform,40,0.0086811630057746,0.0130007246430695,0.00626404438112625,0.023055017784284502,0.00939140424768775,0.014983044856658051,0.00626404438112625,0.0263246931716846
T4_TwoSitePFO,N3_add_0.03,C_early,4,,,,,0.04228226175529465,0.043980442018204904,0.026470557030587802,0.0684308268664931
T4_TwoSitePFO,N3_add_0.03,C_early,6,0.020654868327148898,0.0175511089217734,0.0196684666908148,0.049398717774999296,0.038123206173197144,0.0371926009852572,0.0277146274286545,0.07365318281161075
T4_TwoSitePFO,N3_add_0.03,C_early,8,0.01717136878454865,0.01504453888632655,0.01575160088653,0.0472481208694164,0.028402552687954802,0.0254053156239281,0.02186270475979035,0.0716787691260154
T4_TwoSitePFO,N3_add_0.03,C_early,12,0.01540066709832095,0.012643717601206899,0.0157717935180013,0.043706287762297846,0.0179452125412482,0.01557666450980805,0.017572524993226202,0.0479121843557851
T4_TwoSitePFO,N3_add_0.03,C_early,16,0.0138161475693152,0.0103371206723103,0.0151173060460402,0.0383773153577495,0.014797773598905,0.0115509308809425,0.0156668662059484,0.04191314684044425
T4_TwoSitePFO,N3_add_0.03,C_early,24,0.011032318530094551,0.0083781214752096,0.01243871942215315,0.0399605422190223,0.011209917802554599,0.00865105001547085,0.012511252385956701,0.0401203287683464
T4_TwoSitePFO,N3_add_0.03,C_early,40,0.00937692545582525,0.006855842100335749,0.0097290842309341,0.03554995947711695,0.0094730473472695,0.0070295943342766,0.0096737161484616,0.035388519175448455
T4_TwoSitePFO,N3_add_0.03,D_late,4,,,,,0.10873952952258525,0.2627805906233046,0.01453209802080285,0.045266720529339194
T4_TwoSitePFO,N3_add_0.03,D_late,6,0.1078653196177165,0.27659355319407763,0.0121020668762209,0.046578948254151,0.09150023772653265,0.2259143813904618,0.011984024374047799,0.03678882591864675
T4_TwoSitePFO,N3_add_0.03,D_late,8,0.08959292298710556,0.24448776423082436,0.011218266006980851,0.04813408735407945,0.07272102115874485,0.1797534902703844,0.01108295185996945,0.035961439868657546
T4_TwoSitePFO,N3_add_0.03,D_late,12,0.0750150200047851,0.21403058814794515,0.0089314890657883,0.04204163206124175,0.0552054364300717,0.14253311196111615,0.00921915675845835,0.03061161328898665
T4_TwoSitePFO,N3_add_0.03,D_late,16,0.0686498407871037,0.20261339087891206,0.008527715231781401,0.03829689303573315,0.0490987141637697,0.13013553971485214,0.00836906916062115,0.0304162002441829
T4_TwoSitePFO,N3_add_0.03,D_late,24,0.06557648714281375,0.19617622921230582,0.00672638905182965,0.03343886124057395,0.045453806466174,0.1300489562588834,0.00661509531176645,0.0278058935448572
T4_TwoSitePFO,N3_add_0.03,D_late,40,0.057838740564117,0.1759270471223055,0.00511931784339135,0.026709936211875,0.0477284745344998,0.141904472791663,0.00525734685236965,0.02595920313585825
T5_PSO+sqrt,N1_add_0.01,A_current,8,0.00833546364698855,0.02239659759042085,0.00369651769116555,0.0077249364045895,0.008509735695885302,0.02289358981727975,0.0038880308846799003,0.0080258166309803
T5_PSO+sqrt,N1_add_0.01,B_uniform,4,,,,,0.0554565263279882,0.15713211297207516,0.0074965536137405996,0.05080670587764195
T5_PSO+sqrt,N1_add_0.01,B_uniform,6,0.01945917493165885,0.06405988460329265,0.0041422829087545,0.008776864355817801,0.02932915971311595,0.08572468955190216,0.007194338121729199,0.0208988559057207
T5_PSO+sqrt,N1_add_0.01,B_uniform,8,0.0160838638939118,0.05341017169366065,0.003544729688812,0.007829415466800601,0.016365388997567648,0.054853952064360695,0.0037066994398145,0.008156722768512401
T5_PSO+sqrt,N1_add_0.01,B_uniform,12,0.0107655699814277,0.0339275378298702,0.0028814838842767497,0.00616272999055955,0.011791444928530601,0.037256983455957196,0.00313066732383745,0.0069233832936743
T5_PSO+sqrt,N1_add_0.01,B_uniform,16,0.0077196490810395,0.0230198026107567,0.0027321514386309,0.0054955535253788,0.0090313234948401,0.02671384014528915,0.00308526312611,0.00713573008474385
T5_PSO+sqrt,N1_add_0.01,B_uniform,24,0.005272329373189199,0.01416013013065075,0.00213787134499155,0.00426612771072625,0.005857176009346449,0.0161839962690888,0.0026220234322873,0.00554517020450655
T5_PSO+sqrt,N1_add_0.01,B_uniform,40,0.0032311260711739,0.00710836177438855,0.0016116328087042,0.0031222142824096,0.0036873622458419002,0.0082341530738641,0.0018641746198446501,0.0038388523896298
T5_PSO+sqrt,N2_prop_3pct,A_current,8,0.0187931466425902,0.04472512211508305,0.01391336730684785,0.023871931221305452,0.02305596195887575,0.049076185042525394,0.0162902885944465,0.043329267014207154
T5_PSO+sqrt,N2_prop_3pct,B_uniform,4,,,,,0.0607218870841598,0.16958121936179954,0.0167490732780783,0.05834892016741085
T5_PSO+sqrt,N2_prop_3pct,B_uniform,6,0.0309060400034045,0.0807341073756205,0.0147470682807773,0.027297742763998302,0.048382611251348295,0.13236865726146296,0.016008414080146402,0.0623266085607926
T5_PSO+sqrt,N2_prop_3pct,B_uniform,8,0.0271966771182831,0.07191878757334824,0.0118827160557695,0.025073699922388303,0.03717875937363915,0.09592386386780674,0.01532630449093245,0.06426720316851145
T5_PSO+sqrt,N2_prop_3pct,B_uniform,12,0.0205350113833787,0.0565749832987031,0.01028105267257265,0.02035798200578165,0.0227793623405894,0.0607071731904404,0.0122991222039571,0.03123155908818845
T5_PSO+sqrt,N2_prop_3pct,B_uniform,16,0.016164779103152352,0.042648088928098904,0.0090148839806913,0.0156693209976148,0.01771962207873545,0.04630310637797605,0.0103688938008569,0.019725650271895
T5_PSO+sqrt,N2_prop_3pct,B_uniform,24,0.0122532691664625,0.0289410525141758,0.0065468197366860496,0.011782135764790251,0.013409097783032,0.031976467005906895,0.0074960785733631,0.0161134208629931
T5_PSO+sqrt,N2_prop_3pct,B_uniform,40,0.00800186797899595,0.01562074063955785,0.0055614648253955005,0.010562157198762651,0.00896959767417315,0.01795401910765925,0.00630393671407375,0.01248448298671015
T5_PSO+sqrt,N3_add_0.03,A_current,8,0.0196854805307505,0.0491851787821172,0.011467826351328599,0.019347520301823448,0.0263348457975206,0.0562808603127494,0.014938383647018699,0.05168074453155565
T5_PSO+sqrt,N3_add_0.03,B_uniform,4,,,,,0.06307978640379305,0.17371278823159741,0.01434703474886475,0.05389438562671875
T5_PSO+sqrt,N3_add_0.03,B_uniform,6,0.030696187067601598,0.08665042617615555,0.01212086037070445,0.027384266180570348,0.0472908970600789,0.13018078385189163,0.01448195915609795,0.0617891869300712
T5_PSO+sqrt,N3_add_0.03,B_uniform,8,0.0270362094086875,0.07359014710230935,0.011027146452219999,0.02491254376357285,0.035209371465191694,0.091907492080219,0.013516641257069549,0.05938629928328515
T5_PSO+sqrt,N3_add_0.03,B_uniform,12,0.02147461055961195,0.06203177368820954,0.008339180560089851,0.01574972153312505,0.02426080139530465,0.0655711971024545,0.009816450290547899,0.02504861076414635
T5_PSO+sqrt,N3_add_0.03,B_uniform,16,0.0183093655027285,0.05097307785753775,0.00742076404619385,0.01461057560594765,0.01966386953015465,0.0532259284486696,0.0088796868981689,0.017510484967211498
T5_PSO+sqrt,N3_add_0.03,B_uniform,24,0.0135221949280578,0.0379621969576346,0.0060302417999164,0.0114831787909969,0.01560785627671065,0.04313098558298195,0.00700097977252895,0.01463725108028705
T5_PSO+sqrt,N3_add_0.03,B_uniform,40,0.009175201972257699,0.02059692907526765,0.004712675575548849,0.00951838914367385,0.0106745941327847,0.0267405684346485,0.0059845089378651,0.01193525529174435
T5_PSO+sqrt,N3_add_0.03,C_early,4,,,,,0.0387419819464848,0.035078859116922004,0.02596049099294125,0.1039832878923532
T5_PSO+sqrt,N3_add_0.03,C_early,6,0.0156891123634838,0.0193021364048625,0.016741456873947902,0.02517845349212,0.028979909124997247,0.02483327704977165,0.0270838792970278,0.08082194819329175
T5_PSO+sqrt,N3_add_0.03,C_early,8,0.01443977629245095,0.017324206876352603,0.01510866659955175,0.0234023152890876,0.0175266535091994,0.02099625288679665,0.0197360089223498,0.0317757327163488
T5_PSO+sqrt,N3_add_0.03,C_early,12,0.01246612627812975,0.01444203258224265,0.01364305744166075,0.02136023771588675,0.01416071644638715,0.0159214423313742,0.014956355521846751,0.0253746490706279
T5_PSO+sqrt,N3_add_0.03,C_early,16,0.010626974664220051,0.0128115860408342,0.0116868408043228,0.01819253215410525,0.0119856124377905,0.014402105447353649,0.01353361302644385,0.02247732876116235
T5_PSO+sqrt,N3_add_0.03,C_early,24,0.009429795531918701,0.01086707290207575,0.0098001085599184,0.01516956650149185,0.0107975863295969,0.0121942002970259,0.011241748157541101,0.020046973471513803
T5_PSO+sqrt,N3_add_0.03,C_early,40,0.0070720121158218,0.0084729878640905,0.008049879099703849,0.01226106943389935,0.0083912610220793,0.009994719891043651,0.00928932902771025,0.016971394187712402
T5_PSO+sqrt,N3_add_0.03,D_late,4,,,,,0.13043664763263504,0.3302997681490488,0.01454550058019995,0.0574612886001797
T5_PSO+sqrt,N3_add_0.03,D_late,6,0.06031752518775245,0.16007772323874953,0.0112185385654372,0.03503763044297625,0.0914207716559607,0.24902621491013138,0.0124179789746004,0.04966557628525605
T5_PSO+sqrt,N3_add_0.03,D_late,8,0.04993736081612675,0.1317956183547058,0.0104921119065087,0.031295257496404896,0.08456581141260336,0.2315888177708343,0.01119418178581845,0.04757112234227805
T5_PSO+sqrt,N3_add_0.03,D_late,12,0.03941938025333715,0.10987813714777006,0.00838044443330235,0.0228921260059488,0.06716133347950196,0.18623610965583604,0.00903552438882165,0.04466013471613395
T5_PSO+sqrt,N3_add_0.03,D_late,16,0.031825459136140655,0.09326644354357569,0.007448805728251301,0.019215987239344548,0.056572437526390754,0.15900968279017436,0.008555664314608951,0.041446643116436005
T5_PSO+sqrt,N3_add_0.03,D_late,24,0.02999190845447615,0.09121137339074045,0.00605831096442855,0.01639973445150265,0.043223123914428854,0.12427703600902071,0.0069498631008331,0.0363145912745457
T5_PSO+sqrt,N3_add_0.03,D_late,40,0.0254293844738289,0.0788410832324091,0.0045655739649121,0.0114134238429403,0.0314283473542842,0.09482093305227215,0.0058064606197133,0.018760755475737648
